employee_id,full_name,age,gender,department,role,salary,experience_years,email,location
EMP1000,Vijay Joshi,46,Male,HR,Engineer,38272,10,vijay.joshi@company.com,Delhi
EMP1001,Arjun Kulkarni,52,Male,Procurement,Manager,147492,24,arjun.kulkarni@company.com,Chennai
EMP1002,Vijay Roy,38,Female,Procurement,Executive,87183,11,vijay.roy@company.com,Pune
EMP1003,Priya Reddy,51,Female,Finance,Executive,129173,13,priya.reddy@company.com,Pune
EMP1004,Rohan Shetty,52,Female,Procurement,Coordinator,68294,12,rohan.shetty@company.com,Chennai
EMP1005,Anita Gowda,40,Female,IT,Engineer,103277,9,anita.gowda@company.com,Delhi
EMP1006,Divya Kulkarni,56,Male,Finance,Coordinator,92509,4,divya.kulkarni@company.com,Pune
EMP1007,Priya Sharma,50,Male,Sales,Analyst,34694,7,priya.sharma@company.com,Chennai
EMP1008,Sneha Reddy,22,Male,Marketing,Coordinator,125842,24,sneha.reddy@company.com,Bangalore
EMP1009,Kiran Iyer,25,Male,HR,Manager,88150,29,kiran.iyer@company.com,Chennai
EMP1010,Priya Iyer,49,Female,Operations,Analyst,97470,22,priya.iyer@company.com,Chennai
EMP1011,Vijay Patel,39,Male,Marketing,Manager,51556,2,vijay.patel@company.com,Delhi
EMP1012,Kiran Sharma,47,Female,HR,Coordinator,94471,7,kiran.sharma@company.com,Delhi
EMP1013,Neha Reddy,40,Male,Operations,Coordinator,79855,29,neha.reddy@company.com,Pune
EMP1014,Rahul Kulkarni,27,Male,HR,Analyst,79086,9,rahul.kulkarni@company.com,Pune
EMP1015,Arjun Reddy,22,Male,Finance,Coordinator,48907,5,arjun.reddy@company.com,Delhi
EMP1016,Arjun Nair,29,Male,Sales,Lead,147327,15,arjun.nair@company.com,Mumbai
EMP1017,Kiran Reddy,54,Female,Operations,Executive,101695,18,kiran.reddy@company.com,Delhi
EMP1018,Arjun Reddy,42,Male,HR,Executive,78487,4,arjun.reddy@company.com,Mumbai
EMP1019,Anita Sharma,45,Female,HR,Executive,59158,19,anita.sharma@company.com,Bangalore
EMP1020,Rohan Roy,46,Male,Sales,Engineer,50293,20,rohan.roy@company.com,Bangalore
EMP1021,Neha Reddy,40,Female,Procurement,Coordinator,75761,26,neha.reddy@company.com,Pune
EMP1022,Sneha Shetty,50,Female,Marketing,Executive,142117,7,sneha.shetty@company.com,Pune
EMP1023,Sneha Iyer,31,Male,Marketing,Analyst,129468,26,sneha.iyer@company.com,Hyderabad
EMP1024,Divya Reddy,33,Male,IT,Executive,63387,8,divya.reddy@company.com,Bangalore
EMP1025,Divya Kulkarni,54,Male,Sales,Manager,70750,17,divya.kulkarni@company.com,Chennai
EMP1026,Arjun Nair,28,Female,Operations,Lead,98602,13,arjun.nair@company.com,Mumbai
EMP1027,Kiran Gowda,38,Female,HR,Lead,51256,24,kiran.gowda@company.com,Mumbai
EMP1028,Kiran Gowda,31,Female,HR,Manager,136942,21,kiran.gowda@company.com,Mumbai
EMP1029,Neha Kulkarni,52,Male,Marketing,Lead,130641,28,neha.kulkarni@company.com,Chennai
EMP1030,Rohan Joshi,27,Female,Marketing,Analyst,35594,23,rohan.joshi@company.com,Bangalore
EMP1031,Rahul Shetty,38,Male,Procurement,Executive,32460,11,rahul.shetty@company.com,Delhi
EMP1032,Vijay Reddy,39,Male,Operations,Executive,102356,27,vijay.reddy@company.com,Chennai
EMP1033,Anita Shetty,47,Female,Operations,Executive,84698,1,anita.shetty@company.com,Pune
EMP1034,Neha Nair,37,Male,Procurement,Coordinator,131746,2,neha.nair@company.com,Delhi
EMP1035,Sneha Joshi,29,Female,Marketing,Lead,46191,17,sneha.joshi@company.com,Pune
EMP1036,Neha Sharma,45,Male,Procurement,Engineer,114631,5,neha.sharma@company.com,Delhi
EMP1037,Neha Reddy,34,Female,IT,Manager,144630,6,neha.reddy@company.com,Delhi
EMP1038,Kiran Kulkarni,50,Male,IT,Executive,40529,26,kiran.kulkarni@company.com,Hyderabad
EMP1039,Rahul Sharma,53,Female,Procurement,Executive,62175,25,rahul.sharma@company.com,Bangalore
EMP1040,Sneha Reddy,45,Female,Operations,Manager,47675,24,sneha.reddy@company.com,Delhi
EMP1041,Neha Roy,37,Female,Sales,Manager,73158,7,neha.roy@company.com,Pune
EMP1042,Rahul Kulkarni,32,Female,Operations,Engineer,76798,28,rahul.kulkarni@company.com,Chennai
EMP1043,Divya Roy,53,Female,Sales,Executive,100910,21,divya.roy@company.com,Chennai
EMP1044,Anita Roy,27,Female,Finance,Analyst,55976,15,anita.roy@company.com,Mumbai
EMP1045,Sneha Roy,56,Female,Sales,Lead,93116,19,sneha.roy@company.com,Pune
EMP1046,Neha Joshi,54,Female,Finance,Engineer,108678,16,neha.joshi@company.com,Pune
EMP1047,Kiran Patel,39,Female,Sales,Engineer,92821,25,kiran.patel@company.com,Mumbai
EMP1048,Arjun Roy,34,Female,Marketing,Analyst,147343,13,arjun.roy@company.com,Bangalore
EMP1049,Neha Patel,31,Male,IT,Coordinator,42204,5,neha.patel@company.com,Chennai
EMP1050,Divya Gowda,47,Female,Sales,Engineer,85665,3,divya.gowda@company.com,Mumbai
EMP1051,Arjun Kulkarni,38,Male,HR,Analyst,37394,3,arjun.kulkarni@company.com,Chennai
EMP1052,Rohan Roy,22,Male,Finance,Lead,145392,19,rohan.roy@company.com,Pune
EMP1053,Anita Reddy,46,Female,Marketing,Coordinator,94814,14,anita.reddy@company.com,Mumbai
EMP1054,Priya Shetty,55,Male,Sales,Executive,63593,16,priya.shetty@company.com,Hyderabad
EMP1055,Kiran Shetty,31,Male,Marketing,Manager,71964,22,kiran.shetty@company.com,Mumbai
EMP1056,Neha Joshi,41,Female,Sales,Lead,107188,17,neha.joshi@company.com,Mumbai
EMP1057,Arjun Patel,28,Male,IT,Engineer,145064,27,arjun.patel@company.com,Bangalore
EMP1058,Priya Nair,37,Male,Operations,Engineer,129276,4,priya.nair@company.com,Hyderabad
EMP1059,Sneha Kulkarni,50,Female,Procurement,Executive,83365,13,sneha.kulkarni@company.com,Chennai
EMP1060,Kiran Sharma,33,Female,Operations,Lead,139572,8,kiran.sharma@company.com,Pune
EMP1061,Rahul Gowda,38,Male,IT,Coordinator,30443,19,rahul.gowda@company.com,Bangalore
EMP1062,Divya Kulkarni,41,Female,Sales,Executive,119439,5,divya.kulkarni@company.com,Delhi
EMP1063,Arjun Shetty,47,Female,Sales,Lead,129058,2,arjun.shetty@company.com,Pune
EMP1064,Rahul Joshi,40,Female,Sales,Coordinator,58180,15,rahul.joshi@company.com,Delhi
EMP1065,Arjun Shetty,33,Female,IT,Executive,78791,2,arjun.shetty@company.com,Chennai
EMP1066,Divya Shetty,42,Male,Marketing,Manager,116655,11,divya.shetty@company.com,Bangalore
EMP1067,Priya Shetty,55,Female,HR,Analyst,105899,13,priya.shetty@company.com,Bangalore
EMP1068,Vijay Reddy,28,Male,HR,Lead,73665,23,vijay.reddy@company.com,Delhi
EMP1069,Kiran Shetty,56,Female,Procurement,Engineer,133700,10,kiran.shetty@company.com,Chennai
EMP1070,Rahul Joshi,36,Female,Sales,Manager,127077,3,rahul.joshi@company.com,Bangalore
EMP1071,Rohan Roy,22,Female,Procurement,Executive,33465,5,rohan.roy@company.com,Delhi
EMP1072,Neha Sharma,47,Female,Finance,Manager,98247,3,neha.sharma@company.com,Delhi
EMP1073,Neha Iyer,56,Male,Finance,Lead,81559,6,neha.iyer@company.com,Hyderabad
EMP1074,Rohan Joshi,46,Female,Procurement,Lead,55198,13,rohan.joshi@company.com,Bangalore
EMP1075,Arjun Sharma,36,Male,Operations,Coordinator,84740,10,arjun.sharma@company.com,Hyderabad
EMP1076,Neha Sharma,43,Female,IT,Executive,52488,19,neha.sharma@company.com,Mumbai
EMP1077,Neha Joshi,27,Male,HR,Lead,68515,8,neha.joshi@company.com,Delhi
EMP1078,Rohan Joshi,36,Female,IT,Coordinator,146411,18,rohan.joshi@company.com,Hyderabad
EMP1079,Vijay Nair,45,Female,Marketing,Engineer,119144,3,vijay.nair@company.com,Mumbai
EMP1080,Divya Sharma,42,Male,Operations,Coordinator,57898,24,divya.sharma@company.com,Delhi
EMP1081,Kiran Nair,28,Male,Finance,Analyst,31919,24,kiran.nair@company.com,Delhi
EMP1082,Arjun Joshi,50,Male,HR,Executive,80070,17,arjun.joshi@company.com,Pune
EMP1083,Neha Sharma,53,Female,Procurement,Engineer,92613,8,neha.sharma@company.com,Hyderabad
EMP1084,Anita Roy,53,Male,IT,Executive,126707,10,anita.roy@company.com,Chennai
EMP1085,Rahul Iyer,26,Female,Sales,Manager,141777,2,rahul.iyer@company.com,Chennai
EMP1086,Divya Roy,25,Male,Finance,Analyst,116135,12,divya.roy@company.com,Hyderabad
EMP1087,Sneha Reddy,43,Female,Procurement,Lead,112501,23,sneha.reddy@company.com,Pune
EMP1088,Arjun Patel,39,Male,Marketing,Executive,77003,6,arjun.patel@company.com,Chennai
EMP1089,Rahul Shetty,56,Male,Sales,Engineer,78478,2,rahul.shetty@company.com,Delhi
EMP1090,Priya Gowda,38,Female,Marketing,Engineer,44434,21,priya.gowda@company.com,Hyderabad
EMP1091,Anita Gowda,45,Male,Finance,Engineer,76246,23,anita.gowda@company.com,Hyderabad
EMP1092,Neha Reddy,23,Male,Finance,Executive,66649,24,neha.reddy@company.com,Delhi
EMP1093,Vijay Gowda,34,Female,Marketing,Manager,89030,3,vijay.gowda@company.com,Mumbai
EMP1094,Rohan Gowda,36,Male,Finance,Manager,83061,17,rohan.gowda@company.com,Bangalore
EMP1095,Divya Nair,26,Male,Marketing,Lead,31999,29,divya.nair@company.com,Mumbai
EMP1096,Anita Shetty,24,Female,Sales,Engineer,44849,7,anita.shetty@company.com,Bangalore
EMP1097,Neha Kulkarni,24,Male,Marketing,Engineer,106439,29,neha.kulkarni@company.com,Mumbai
EMP1098,Neha Iyer,56,Female,IT,Manager,145088,21,neha.iyer@company.com,Delhi
EMP1099,Rohan Patel,44,Female,Procurement,Engineer,143004,5,rohan.patel@company.com,Pune
EMP1100,Vijay Joshi,49,Female,Finance,Analyst,82800,23,vijay.joshi@company.com,Delhi
EMP1101,Kiran Sharma,51,Female,HR,Executive,35445,1,kiran.sharma@company.com,Pune
EMP1102,Kiran Joshi,39,Male,IT,Engineer,130932,8,kiran.joshi@company.com,Pune
EMP1103,Rohan Kulkarni,57,Female,Operations,Engineer,48040,12,rohan.kulkarni@company.com,Bangalore
EMP1104,Rohan Joshi,54,Male,Marketing,Manager,145308,14,rohan.joshi@company.com,Delhi
EMP1105,Sneha Gowda,47,Female,HR,Executive,94315,16,sneha.gowda@company.com,Delhi
EMP1106,Rahul Iyer,38,Male,Sales,Analyst,30246,10,rahul.iyer@company.com,Hyderabad
EMP1107,Divya Iyer,28,Female,Sales,Manager,61153,15,divya.iyer@company.com,Chennai
EMP1108,Priya Gowda,29,Female,Operations,Executive,35212,21,priya.gowda@company.com,Bangalore
EMP1109,Rohan Kulkarni,52,Male,Operations,Manager,33339,24,rohan.kulkarni@company.com,Delhi
EMP1110,Kiran Roy,33,Female,Procurement,Executive,118678,26,kiran.roy@company.com,Hyderabad
EMP1111,Rohan Sharma,52,Female,Marketing,Lead,86238,15,rohan.sharma@company.com,Bangalore
EMP1112,Divya Joshi,40,Male,Sales,Engineer,49394,10,divya.joshi@company.com,Pune
EMP1113,Vijay Kulkarni,31,Female,Sales,Manager,83871,21,vijay.kulkarni@company.com,Chennai
EMP1114,Rohan Reddy,33,Male,Marketing,Manager,130672,28,rohan.reddy@company.com,Hyderabad
EMP1115,Neha Shetty,41,Male,Procurement,Coordinator,107722,7,neha.shetty@company.com,Chennai
EMP1116,Neha Kulkarni,28,Female,Marketing,Coordinator,64607,26,neha.kulkarni@company.com,Mumbai
EMP1117,Vijay Nair,35,Female,Sales,Coordinator,82055,3,vijay.nair@company.com,Chennai
EMP1118,Sneha Patel,32,Male,Marketing,Executive,134509,2,sneha.patel@company.com,Pune
EMP1119,Rahul Gowda,28,Female,Marketing,Executive,34395,6,rahul.gowda@company.com,Hyderabad
EMP1120,Rahul Sharma,50,Female,Sales,Executive,45290,21,rahul.sharma@company.com,Delhi
EMP1121,Kiran Iyer,31,Female,IT,Coordinator,117687,9,kiran.iyer@company.com,Mumbai
EMP1122,Neha Kulkarni,50,Male,Sales,Lead,95078,10,neha.kulkarni@company.com,Hyderabad
EMP1123,Sneha Gowda,30,Male,Finance,Lead,33691,4,sneha.gowda@company.com,Delhi
EMP1124,Anita Patel,57,Female,Sales,Engineer,37470,27,anita.patel@company.com,Mumbai
EMP1125,Vijay Gowda,31,Male,Sales,Engineer,33841,3,vijay.gowda@company.com,Pune
EMP1126,Sneha Sharma,40,Male,IT,Manager,132652,9,sneha.sharma@company.com,Hyderabad
EMP1127,Kiran Sharma,52,Male,Operations,Manager,93197,24,kiran.sharma@company.com,Chennai
EMP1128,Divya Kulkarni,38,Male,Marketing,Engineer,85773,22,divya.kulkarni@company.com,Pune
EMP1129,Anita Joshi,30,Male,Procurement,Engineer,47776,17,anita.joshi@company.com,Mumbai
EMP1130,Sneha Kulkarni,54,Female,Finance,Manager,101596,14,sneha.kulkarni@company.com,Hyderabad
EMP1131,Anita Roy,55,Male,HR,Executive,148943,10,anita.roy@company.com,Mumbai
EMP1132,Arjun Nair,45,Male,Sales,Coordinator,57584,13,arjun.nair@company.com,Bangalore
EMP1133,Priya Nair,30,Female,HR,Coordinator,143829,12,priya.nair@company.com,Mumbai
EMP1134,Arjun Iyer,28,Male,Operations,Manager,34300,27,arjun.iyer@company.com,Chennai
EMP1135,Neha Roy,37,Male,Sales,Coordinator,33338,1,neha.roy@company.com,Hyderabad
EMP1136,Vijay Sharma,40,Female,Sales,Manager,92601,28,vijay.sharma@company.com,Hyderabad
EMP1137,Sneha Patel,27,Female,IT,Analyst,35487,22,sneha.patel@company.com,Bangalore
EMP1138,Divya Joshi,32,Male,Operations,Manager,66282,29,divya.joshi@company.com,Delhi
EMP1139,Priya Joshi,33,Male,Procurement,Manager,125065,19,priya.joshi@company.com,Pune
EMP1140,Rahul Reddy,34,Female,IT,Analyst,145447,19,rahul.reddy@company.com,Delhi
EMP1141,Rohan Roy,33,Male,Sales,Lead,125798,6,rohan.roy@company.com,Chennai
EMP1142,Rahul Roy,42,Male,Sales,Manager,106816,13,rahul.roy@company.com,Delhi
EMP1143,Vijay Kulkarni,31,Female,Finance,Engineer,138611,19,vijay.kulkarni@company.com,Mumbai
EMP1144,Divya Roy,41,Male,Sales,Analyst,58804,13,divya.roy@company.com,Mumbai
EMP1145,Sneha Iyer,57,Male,Marketing,Lead,39915,27,sneha.iyer@company.com,Delhi
EMP1146,Neha Joshi,49,Female,IT,Analyst,41158,26,neha.joshi@company.com,Mumbai
EMP1147,Anita Shetty,45,Female,HR,Lead,104157,22,anita.shetty@company.com,Chennai
EMP1148,Vijay Patel,26,Male,HR,Manager,40547,21,vijay.patel@company.com,Pune
EMP1149,Anita Iyer,33,Male,Marketing,Lead,118713,4,anita.iyer@company.com,Pune
EMP1150,Sneha Reddy,56,Female,Operations,Coordinator,141789,24,sneha.reddy@company.com,Chennai
EMP1151,Neha Roy,23,Female,Marketing,Coordinator,32459,2,neha.roy@company.com,Delhi
EMP1152,Priya Sharma,30,Male,HR,Coordinator,58768,15,priya.sharma@company.com,Bangalore
EMP1153,Rohan Reddy,43,Male,Finance,Coordinator,93146,12,rohan.reddy@company.com,Hyderabad
EMP1154,Rohan Joshi,26,Female,Sales,Lead,133577,27,rohan.joshi@company.com,Pune
EMP1155,Priya Patel,33,Male,Finance,Manager,80870,7,priya.patel@company.com,Pune
EMP1156,Divya Sharma,22,Female,Finance,Lead,137761,20,divya.sharma@company.com,Mumbai
EMP1157,Divya Kulkarni,43,Male,IT,Engineer,133727,18,divya.kulkarni@company.com,Hyderabad
EMP1158,Neha Joshi,40,Female,IT,Lead,80460,23,neha.joshi@company.com,Bangalore
EMP1159,Anita Shetty,37,Male,Operations,Manager,112970,13,anita.shetty@company.com,Hyderabad
EMP1160,Neha Joshi,52,Male,Operations,Engineer,90817,17,neha.joshi@company.com,Pune
EMP1161,Neha Kulkarni,24,Female,Operations,Coordinator,68247,4,neha.kulkarni@company.com,Pune
EMP1162,Neha Nair,44,Male,Sales,Coordinator,45419,25,neha.nair@company.com,Delhi
EMP1163,Rohan Sharma,39,Female,Marketing,Lead,130553,14,rohan.sharma@company.com,Bangalore
EMP1164,Vijay Gowda,47,Female,IT,Lead,65577,20,vijay.gowda@company.com,Pune
EMP1165,Anita Roy,34,Male,Finance,Manager,32921,28,anita.roy@company.com,Mumbai
EMP1166,Priya Gowda,39,Male,HR,Coordinator,34676,13,priya.gowda@company.com,Chennai
EMP1167,Sneha Reddy,24,Female,HR,Manager,115961,3,sneha.reddy@company.com,Delhi
EMP1168,Anita Sharma,44,Female,Operations,Executive,130721,26,anita.sharma@company.com,Chennai
EMP1169,Divya Reddy,24,Male,Marketing,Manager,79684,26,divya.reddy@company.com,Hyderabad
EMP1170,Arjun Patel,46,Male,Operations,Analyst,43463,18,arjun.patel@company.com,Delhi
EMP1171,Rohan Gowda,48,Male,Procurement,Lead,55474,14,rohan.gowda@company.com,Pune
EMP1172,Vijay Patel,48,Female,Marketing,Manager,70935,15,vijay.patel@company.com,Chennai
EMP1173,Priya Nair,46,Female,Sales,Executive,97005,3,priya.nair@company.com,Mumbai
EMP1174,Priya Kulkarni,45,Male,Operations,Coordinator,88596,1,priya.kulkarni@company.com,Pune
EMP1175,Rahul Reddy,29,Male,Procurement,Analyst,102828,26,rahul.reddy@company.com,Bangalore
EMP1176,Arjun Reddy,30,Male,Sales,Executive,120945,24,arjun.reddy@company.com,Bangalore
EMP1177,Rahul Roy,51,Female,HR,Engineer,119062,17,rahul.roy@company.com,Delhi
EMP1178,Arjun Reddy,40,Female,IT,Engineer,85152,3,arjun.reddy@company.com,Bangalore
EMP1179,Divya Iyer,37,Male,Sales,Coordinator,119001,14,divya.iyer@company.com,Pune
EMP1180,Kiran Roy,45,Female,Operations,Executive,126491,3,kiran.roy@company.com,Pune
EMP1181,Neha Sharma,42,Male,Operations,Executive,122321,13,neha.sharma@company.com,Pune
EMP1182,Priya Kulkarni,57,Female,Marketing,Analyst,116569,15,priya.kulkarni@company.com,Bangalore
EMP1183,Arjun Roy,27,Female,Marketing,Executive,102467,18,arjun.roy@company.com,Delhi
EMP1184,Rohan Gowda,26,Male,Procurement,Manager,82576,14,rohan.gowda@company.com,Chennai
EMP1185,Divya Reddy,35,Female,IT,Analyst,96627,21,divya.reddy@company.com,Delhi
EMP1186,Anita Joshi,25,Female,Sales,Lead,55772,26,anita.joshi@company.com,Mumbai
EMP1187,Arjun Gowda,29,Male,Sales,Manager,46363,3,arjun.gowda@company.com,Pune
EMP1188,Kiran Gowda,45,Male,IT,Lead,58490,19,kiran.gowda@company.com,Pune
EMP1189,Rahul Gowda,32,Female,Finance,Analyst,89004,8,rahul.gowda@company.com,Pune
EMP1190,Anita Kulkarni,38,Female,IT,Analyst,83806,4,anita.kulkarni@company.com,Bangalore
EMP1191,Rohan Iyer,42,Male,Finance,Analyst,30260,4,rohan.iyer@company.com,Bangalore
EMP1192,Rohan Gowda,47,Female,Operations,Coordinator,105992,19,rohan.gowda@company.com,Pune
EMP1193,Rohan Sharma,48,Male,Procurement,Analyst,52320,11,rohan.sharma@company.com,Delhi
EMP1194,Anita Patel,37,Female,Operations,Engineer,108971,1,anita.patel@company.com,Mumbai
EMP1195,Rohan Reddy,47,Female,Operations,Engineer,72145,8,rohan.reddy@company.com,Pune
EMP1196,Divya Sharma,54,Male,HR,Engineer,93688,15,divya.sharma@company.com,Hyderabad
EMP1197,Kiran Joshi,52,Male,Finance,Executive,78581,1,kiran.joshi@company.com,Pune
EMP1198,Arjun Gowda,27,Male,Finance,Lead,122561,7,arjun.gowda@company.com,Hyderabad
EMP1199,Rohan Sharma,29,Female,HR,Engineer,123645,21,rohan.sharma@company.com,Delhi
EMP1200,Anita Patel,28,Male,Finance,Executive,50754,20,anita.patel@company.com,Pune
EMP1201,Sneha Iyer,55,Female,HR,Manager,99837,20,sneha.iyer@company.com,Hyderabad
EMP1202,Priya Joshi,35,Male,HR,Lead,37207,24,priya.joshi@company.com,Bangalore
EMP1203,Neha Sharma,37,Male,Finance,Analyst,57920,11,neha.sharma@company.com,Hyderabad
EMP1204,Neha Joshi,30,Male,HR,Analyst,117739,27,neha.joshi@company.com,Mumbai
EMP1205,Rohan Roy,31,Female,Finance,Executive,144780,29,rohan.roy@company.com,Delhi
EMP1206,Neha Sharma,38,Female,Procurement,Engineer,117081,14,neha.sharma@company.com,Chennai
EMP1207,Arjun Roy,33,Female,Sales,Manager,54016,22,arjun.roy@company.com,Hyderabad
EMP1208,Vijay Gowda,27,Male,Operations,Engineer,126634,16,vijay.gowda@company.com,Pune
EMP1209,Vijay Patel,40,Male,Marketing,Engineer,90522,14,vijay.patel@company.com,Pune
EMP1210,Divya Joshi,50,Female,Sales,Coordinator,104092,12,divya.joshi@company.com,Delhi
EMP1211,Sneha Patel,27,Male,IT,Engineer,84068,17,sneha.patel@company.com,Pune
EMP1212,Sneha Iyer,46,Female,IT,Engineer,142099,14,sneha.iyer@company.com,Bangalore
EMP1213,Arjun Roy,45,Female,Sales,Executive,50102,10,arjun.roy@company.com,Bangalore
EMP1214,Anita Gowda,46,Female,Procurement,Executive,134429,24,anita.gowda@company.com,Delhi
EMP1215,Vijay Patel,37,Male,Operations,Engineer,31924,29,vijay.patel@company.com,Mumbai
EMP1216,Arjun Nair,37,Male,Marketing,Executive,115015,14,arjun.nair@company.com,Hyderabad
EMP1217,Rohan Reddy,27,Female,Finance,Coordinator,134987,18,rohan.reddy@company.com,Pune
EMP1218,Rohan Patel,42,Female,Sales,Coordinator,84333,22,rohan.patel@company.com,Mumbai
EMP1219,Rohan Shetty,25,Female,IT,Analyst,114458,9,rohan.shetty@company.com,Delhi
EMP1220,Rohan Roy,55,Male,Finance,Manager,114196,17,rohan.roy@company.com,Bangalore
EMP1221,Rohan Gowda,49,Female,IT,Lead,76099,6,rohan.gowda@company.com,Chennai
EMP1222,Sneha Gowda,49,Male,IT,Executive,87346,8,sneha.gowda@company.com,Mumbai
EMP1223,Rahul Joshi,38,Female,Operations,Coordinator,105481,26,rahul.joshi@company.com,Bangalore
EMP1224,Kiran Roy,35,Male,Procurement,Executive,80062,13,kiran.roy@company.com,Mumbai
EMP1225,Kiran Gowda,28,Male,Operations,Lead,30306,18,kiran.gowda@company.com,Pune
EMP1226,Kiran Nair,43,Male,Finance,Executive,118495,5,kiran.nair@company.com,Delhi
EMP1227,Priya Iyer,22,Male,Marketing,Executive,99767,6,priya.iyer@company.com,Pune
EMP1228,Priya Shetty,50,Male,Finance,Executive,134332,21,priya.shetty@company.com,Chennai
EMP1229,Kiran Gowda,52,Female,Operations,Executive,42207,19,kiran.gowda@company.com,Bangalore
EMP1230,Arjun Kulkarni,51,Male,Marketing,Coordinator,69426,4,arjun.kulkarni@company.com,Bangalore
EMP1231,Rohan Joshi,36,Male,Marketing,Analyst,36336,7,rohan.joshi@company.com,Pune
EMP1232,Priya Kulkarni,39,Male,Marketing,Analyst,142200,4,priya.kulkarni@company.com,Mumbai
EMP1233,Divya Shetty,56,Female,Operations,Analyst,105166,25,divya.shetty@company.com,Bangalore
EMP1234,Neha Shetty,51,Male,Finance,Lead,47256,11,neha.shetty@company.com,Pune
EMP1235,Neha Sharma,55,Female,Procurement,Coordinator,129445,12,neha.sharma@company.com,Hyderabad
EMP1236,Rahul Joshi,32,Female,Procurement,Engineer,79817,14,rahul.joshi@company.com,Chennai
EMP1237,Anita Gowda,48,Female,HR,Coordinator,136704,13,anita.gowda@company.com,Bangalore
EMP1238,Rahul Kulkarni,45,Female,Operations,Analyst,63719,29,rahul.kulkarni@company.com,Pune
EMP1239,Priya Nair,56,Male,Marketing,Lead,72017,10,priya.nair@company.com,Hyderabad
EMP1240,Rohan Shetty,29,Male,Sales,Engineer,75704,18,rohan.shetty@company.com,Bangalore
EMP1241,Rohan Patel,39,Female,HR,Manager,60013,16,rohan.patel@company.com,Mumbai
EMP1242,Divya Patel,34,Male,Operations,Lead,109991,5,divya.patel@company.com,Pune
EMP1243,Sneha Nair,45,Male,Marketing,Engineer,100258,8,sneha.nair@company.com,Pune
EMP1244,Vijay Nair,44,Female,Procurement,Manager,108348,14,vijay.nair@company.com,Bangalore
EMP1245,Neha Patel,33,Female,Operations,Lead,125812,5,neha.patel@company.com,Chennai
EMP1246,Sneha Kulkarni,51,Female,HR,Analyst,66776,26,sneha.kulkarni@company.com,Mumbai
EMP1247,Neha Reddy,52,Female,Sales,Lead,40060,28,neha.reddy@company.com,Chennai
EMP1248,Arjun Shetty,49,Female,IT,Engineer,108592,24,arjun.shetty@company.com,Pune
EMP1249,Rohan Iyer,43,Female,HR,Lead,36655,8,rohan.iyer@company.com,Hyderabad
EMP1250,Rahul Roy,49,Female,HR,Executive,118110,25,rahul.roy@company.com,Chennai
EMP1251,Anita Gowda,34,Female,Marketing,Executive,79923,26,anita.gowda@company.com,Mumbai
EMP1252,Divya Shetty,46,Female,Finance,Coordinator,108563,6,divya.shetty@company.com,Chennai
EMP1253,Rohan Kulkarni,28,Female,IT,Executive,34030,16,rohan.kulkarni@company.com,Delhi
EMP1254,Vijay Patel,27,Male,Finance,Engineer,119779,28,vijay.patel@company.com,Chennai
EMP1255,Sneha Gowda,45,Female,IT,Analyst,63289,4,sneha.gowda@company.com,Pune
EMP1256,Vijay Sharma,40,Male,HR,Engineer,49739,12,vijay.sharma@company.com,Chennai
EMP1257,Kiran Sharma,40,Female,HR,Coordinator,129704,11,kiran.sharma@company.com,Bangalore
EMP1258,Arjun Nair,57,Male,HR,Executive,140234,3,arjun.nair@company.com,Bangalore
EMP1259,Anita Iyer,30,Female,IT,Manager,91687,12,anita.iyer@company.com,Mumbai
EMP1260,Sneha Shetty,57,Female,Operations,Lead,66491,5,sneha.shetty@company.com,Hyderabad
EMP1261,Kiran Sharma,50,Female,Operations,Lead,125549,6,kiran.sharma@company.com,Mumbai
EMP1262,Arjun Gowda,45,Male,Operations,Coordinator,102115,19,arjun.gowda@company.com,Delhi
EMP1263,Divya Roy,26,Male,Procurement,Lead,147935,18,divya.roy@company.com,Bangalore
EMP1264,Vijay Iyer,47,Male,Operations,Executive,113778,16,vijay.iyer@company.com,Chennai
EMP1265,Kiran Sharma,35,Female,IT,Engineer,34781,23,kiran.sharma@company.com,Bangalore
EMP1266,Neha Shetty,50,Female,Finance,Executive,50448,11,neha.shetty@company.com,Delhi
EMP1267,Vijay Iyer,27,Female,IT,Executive,141177,5,vijay.iyer@company.com,Pune
EMP1268,Arjun Iyer,28,Male,Finance,Executive,81550,9,arjun.iyer@company.com,Hyderabad
EMP1269,Vijay Roy,39,Male,IT,Coordinator,79294,3,vijay.roy@company.com,Mumbai
EMP1270,Rahul Shetty,44,Female,Sales,Coordinator,51446,8,rahul.shetty@company.com,Delhi
EMP1271,Arjun Gowda,22,Female,Procurement,Executive,106579,6,arjun.gowda@company.com,Mumbai
EMP1272,Sneha Reddy,25,Female,HR,Executive,115389,4,sneha.reddy@company.com,Hyderabad
EMP1273,Kiran Iyer,56,Female,Marketing,Coordinator,144679,12,kiran.iyer@company.com,Pune
EMP1274,Vijay Shetty,44,Female,Finance,Coordinator,115615,12,vijay.shetty@company.com,Chennai
EMP1275,Anita Joshi,48,Female,HR,Lead,47101,25,anita.joshi@company.com,Hyderabad
EMP1276,Divya Nair,47,Male,HR,Coordinator,96178,21,divya.nair@company.com,Pune
EMP1277,Divya Shetty,29,Female,Operations,Lead,58016,16,divya.shetty@company.com,Hyderabad
EMP1278,Sneha Patel,37,Female,Sales,Coordinator,48932,10,sneha.patel@company.com,Mumbai
EMP1279,Sneha Joshi,24,Female,IT,Manager,74653,22,sneha.joshi@company.com,Delhi
EMP1280,Rahul Shetty,53,Male,Marketing,Lead,120481,14,rahul.shetty@company.com,Mumbai
EMP1281,Rahul Roy,26,Male,Finance,Coordinator,82802,13,rahul.roy@company.com,Bangalore
EMP1282,Divya Nair,41,Male,Procurement,Executive,37549,9,divya.nair@company.com,Bangalore
EMP1283,Kiran Nair,35,Male,Sales,Executive,108933,7,kiran.nair@company.com,Chennai
EMP1284,Anita Reddy,53,Male,Procurement,Analyst,55362,12,anita.reddy@company.com,Delhi
EMP1285,Priya Iyer,47,Female,Sales,Lead,77842,5,priya.iyer@company.com,Delhi
EMP1286,Divya Kulkarni,27,Female,Procurement,Manager,76539,18,divya.kulkarni@company.com,Mumbai
EMP1287,Anita Nair,57,Female,Finance,Manager,63717,4,anita.nair@company.com,Chennai
EMP1288,Anita Gowda,26,Male,Sales,Coordinator,84596,2,anita.gowda@company.com,Mumbai
EMP1289,Kiran Roy,34,Female,Finance,Manager,145209,3,kiran.roy@company.com,Chennai
EMP1290,Priya Sharma,53,Male,Procurement,Executive,53016,26,priya.sharma@company.com,Delhi
EMP1291,Divya Kulkarni,37,Female,Procurement,Analyst,85200,12,divya.kulkarni@company.com,Chennai
EMP1292,Rohan Joshi,22,Male,Sales,Coordinator,110268,3,rohan.joshi@company.com,Mumbai
EMP1293,Rahul Shetty,34,Female,Procurement,Engineer,90287,4,rahul.shetty@company.com,Chennai
EMP1294,Neha Gowda,32,Female,IT,Coordinator,145042,6,neha.gowda@company.com,Bangalore
EMP1295,Arjun Gowda,29,Female,Procurement,Engineer,122447,12,arjun.gowda@company.com,Bangalore
EMP1296,Sneha Roy,46,Female,Procurement,Manager,113402,19,sneha.roy@company.com,Bangalore
EMP1297,Sneha Patel,53,Female,Finance,Analyst,72607,10,sneha.patel@company.com,Bangalore
EMP1298,Divya Joshi,45,Female,HR,Lead,57621,1,divya.joshi@company.com,Mumbai
EMP1299,Neha Roy,49,Male,Procurement,Lead,42823,17,neha.roy@company.com,Pune
EMP1300,Divya Shetty,35,Male,Marketing,Analyst,59986,16,divya.shetty@company.com,Mumbai
EMP1301,Vijay Nair,24,Female,Sales,Executive,94325,9,vijay.nair@company.com,Hyderabad
EMP1302,Anita Reddy,57,Female,Procurement,Manager,146903,25,anita.reddy@company.com,Bangalore
EMP1303,Neha Nair,48,Female,IT,Executive,149404,21,neha.nair@company.com,Chennai
EMP1304,Anita Joshi,41,Male,Procurement,Executive,87771,9,anita.joshi@company.com,Pune
EMP1305,Neha Kulkarni,36,Male,HR,Lead,84973,27,neha.kulkarni@company.com,Delhi
EMP1306,Anita Iyer,48,Male,IT,Engineer,147225,23,anita.iyer@company.com,Chennai
EMP1307,Sneha Nair,49,Male,Procurement,Analyst,44690,9,sneha.nair@company.com,Chennai
EMP1308,Priya Roy,46,Female,HR,Engineer,69107,12,priya.roy@company.com,Bangalore
EMP1309,Rahul Sharma,54,Male,Finance,Coordinator,87888,23,rahul.sharma@company.com,Bangalore
EMP1310,Rohan Gowda,35,Male,Finance,Coordinator,40956,9,rohan.gowda@company.com,Hyderabad
EMP1311,Kiran Patel,29,Female,Procurement,Engineer,116839,15,kiran.patel@company.com,Chennai
EMP1312,Vijay Joshi,35,Male,HR,Lead,86227,2,vijay.joshi@company.com,Mumbai
EMP1313,Arjun Reddy,22,Female,Procurement,Coordinator,66533,11,arjun.reddy@company.com,Delhi
EMP1314,Neha Shetty,37,Female,Operations,Coordinator,125210,11,neha.shetty@company.com,Hyderabad
EMP1315,Neha Sharma,39,Male,Sales,Engineer,86234,8,neha.sharma@company.com,Delhi
EMP1316,Divya Reddy,28,Male,IT,Analyst,131131,23,divya.reddy@company.com,Bangalore
EMP1317,Kiran Iyer,36,Male,IT,Coordinator,97594,6,kiran.iyer@company.com,Mumbai
EMP1318,Arjun Nair,45,Male,Sales,Executive,86901,21,arjun.nair@company.com,Delhi
EMP1319,Arjun Kulkarni,34,Female,Operations,Coordinator,41519,20,arjun.kulkarni@company.com,Bangalore
EMP1320,Rohan Kulkarni,30,Female,Operations,Coordinator,61115,7,rohan.kulkarni@company.com,Bangalore
EMP1321,Kiran Patel,36,Male,Marketing,Coordinator,96266,3,kiran.patel@company.com,Pune
EMP1322,Arjun Patel,56,Male,Procurement,Coordinator,31832,8,arjun.patel@company.com,Chennai
EMP1323,Rahul Joshi,45,Female,HR,Engineer,71368,18,rahul.joshi@company.com,Hyderabad
EMP1324,Divya Shetty,54,Male,IT,Coordinator,118425,17,divya.shetty@company.com,Mumbai
EMP1325,Rahul Kulkarni,37,Female,Procurement,Analyst,143922,11,rahul.kulkarni@company.com,Delhi
EMP1326,Neha Kulkarni,29,Female,HR,Analyst,135474,2,neha.kulkarni@company.com,Delhi
EMP1327,Priya Gowda,50,Male,Procurement,Coordinator,99715,25,priya.gowda@company.com,Pune
EMP1328,Anita Roy,44,Female,Sales,Analyst,101835,21,anita.roy@company.com,Hyderabad
EMP1329,Rahul Iyer,52,Female,Operations,Engineer,103366,27,rahul.iyer@company.com,Mumbai
EMP1330,Divya Patel,35,Male,IT,Analyst,139743,24,divya.patel@company.com,Mumbai
EMP1331,Neha Gowda,51,Male,Finance,Executive,67570,19,neha.gowda@company.com,Pune
EMP1332,Vijay Shetty,48,Male,Operations,Coordinator,117977,7,vijay.shetty@company.com,Pune
EMP1333,Vijay Nair,37,Male,Operations,Coordinator,36615,18,vijay.nair@company.com,Delhi
EMP1334,Vijay Joshi,27,Male,HR,Executive,102298,8,vijay.joshi@company.com,Pune
EMP1335,Arjun Iyer,54,Female,Procurement,Lead,68311,14,arjun.iyer@company.com,Bangalore
EMP1336,Neha Iyer,39,Female,Marketing,Coordinator,120245,7,neha.iyer@company.com,Mumbai
EMP1337,Sneha Reddy,37,Female,IT,Executive,133187,28,sneha.reddy@company.com,Delhi
EMP1338,Rohan Roy,33,Male,Operations,Engineer,53434,21,rohan.roy@company.com,Pune
EMP1339,Rohan Sharma,41,Male,Marketing,Analyst,116879,28,rohan.sharma@company.com,Mumbai
EMP1340,Divya Nair,50,Male,Sales,Executive,45739,27,divya.nair@company.com,Hyderabad
EMP1341,Divya Shetty,51,Male,Marketing,Lead,96202,4,divya.shetty@company.com,Delhi
EMP1342,Vijay Roy,47,Female,HR,Executive,128580,17,vijay.roy@company.com,Delhi
EMP1343,Anita Iyer,43,Female,Procurement,Engineer,123419,5,anita.iyer@company.com,Pune
EMP1344,Rahul Sharma,54,Female,Marketing,Lead,109599,12,rahul.sharma@company.com,Hyderabad
EMP1345,Vijay Sharma,50,Male,Operations,Analyst,63649,9,vijay.sharma@company.com,Mumbai
EMP1346,Arjun Gowda,43,Female,Marketing,Analyst,130364,26,arjun.gowda@company.com,Pune
EMP1347,Rahul Iyer,34,Female,Procurement,Manager,77445,20,rahul.iyer@company.com,Bangalore
EMP1348,Priya Roy,30,Male,Marketing,Executive,146770,13,priya.roy@company.com,Bangalore
EMP1349,Arjun Joshi,45,Female,Marketing,Lead,69470,25,arjun.joshi@company.com,Pune
EMP1350,Rohan Gowda,36,Male,Procurement,Manager,104965,28,rohan.gowda@company.com,Pune
EMP1351,Sneha Sharma,57,Female,HR,Coordinator,78621,18,sneha.sharma@company.com,Delhi
EMP1352,Neha Roy,34,Male,Sales,Analyst,62926,20,neha.roy@company.com,Bangalore
EMP1353,Rahul Iyer,48,Female,IT,Analyst,144300,9,rahul.iyer@company.com,Hyderabad
EMP1354,Vijay Joshi,28,Female,HR,Coordinator,67997,4,vijay.joshi@company.com,Delhi
EMP1355,Anita Reddy,29,Male,Sales,Analyst,89940,21,anita.reddy@company.com,Hyderabad
EMP1356,Vijay Roy,35,Female,Sales,Engineer,70724,27,vijay.roy@company.com,Hyderabad
EMP1357,Rohan Reddy,33,Male,Procurement,Coordinator,127805,8,rohan.reddy@company.com,Delhi
EMP1358,Neha Patel,57,Female,HR,Coordinator,61704,1,neha.patel@company.com,Pune
EMP1359,Arjun Gowda,38,Female,Finance,Coordinator,58391,17,arjun.gowda@company.com,Hyderabad
EMP1360,Kiran Sharma,50,Female,IT,Manager,93291,25,kiran.sharma@company.com,Chennai
EMP1361,Sneha Patel,48,Male,Procurement,Engineer,119723,9,sneha.patel@company.com,Hyderabad
EMP1362,Vijay Nair,22,Female,Marketing,Engineer,140870,20,vijay.nair@company.com,Chennai
EMP1363,Neha Roy,55,Male,Procurement,Manager,32526,13,neha.roy@company.com,Chennai
EMP1364,Rohan Joshi,25,Male,IT,Lead,54686,2,rohan.joshi@company.com,Pune
EMP1365,Kiran Iyer,45,Male,Finance,Executive,103339,13,kiran.iyer@company.com,Chennai
EMP1366,Rohan Reddy,42,Male,Sales,Manager,128204,9,rohan.reddy@company.com,Delhi
EMP1367,Arjun Reddy,54,Female,Finance,Manager,36574,20,arjun.reddy@company.com,Pune
EMP1368,Rohan Roy,28,Male,Sales,Lead,38733,6,rohan.roy@company.com,Mumbai
EMP1369,Anita Nair,22,Male,Sales,Manager,80290,28,anita.nair@company.com,Mumbai
EMP1370,Vijay Iyer,24,Male,Sales,Manager,102793,1,vijay.iyer@company.com,Pune
EMP1371,Divya Gowda,36,Male,Procurement,Engineer,66051,28,divya.gowda@company.com,Chennai
EMP1372,Divya Kulkarni,52,Female,Finance,Manager,45909,25,divya.kulkarni@company.com,Pune
EMP1373,Anita Roy,37,Male,Marketing,Analyst,119682,5,anita.roy@company.com,Delhi
EMP1374,Priya Sharma,31,Male,Finance,Executive,107338,3,priya.sharma@company.com,Bangalore
EMP1375,Priya Gowda,50,Female,Marketing,Executive,103432,4,priya.gowda@company.com,Bangalore
EMP1376,Priya Kulkarni,27,Female,HR,Manager,58133,1,priya.kulkarni@company.com,Chennai
EMP1377,Arjun Roy,50,Female,HR,Executive,81571,14,arjun.roy@company.com,Bangalore
EMP1378,Divya Joshi,38,Male,IT,Analyst,109062,9,divya.joshi@company.com,Mumbai
EMP1379,Arjun Sharma,43,Male,IT,Engineer,80908,24,arjun.sharma@company.com,Delhi
EMP1380,Neha Iyer,45,Male,Operations,Executive,41278,4,neha.iyer@company.com,Delhi
EMP1381,Rohan Nair,38,Female,Finance,Lead,141546,18,rohan.nair@company.com,Bangalore
EMP1382,Anita Reddy,42,Female,HR,Coordinator,81458,14,anita.reddy@company.com,Hyderabad
EMP1383,Neha Gowda,32,Male,Sales,Engineer,94265,25,neha.gowda@company.com,Mumbai
EMP1384,Neha Joshi,28,Female,Finance,Coordinator,86782,4,neha.joshi@company.com,Hyderabad
EMP1385,Arjun Shetty,26,Male,Operations,Coordinator,85415,25,arjun.shetty@company.com,Mumbai
EMP1386,Arjun Patel,42,Female,Procurement,Engineer,121087,10,arjun.patel@company.com,Chennai
EMP1387,Vijay Patel,39,Female,HR,Coordinator,84160,3,vijay.patel@company.com,Bangalore
EMP1388,Rohan Iyer,56,Male,Marketing,Lead,84399,23,rohan.iyer@company.com,Delhi
EMP1389,Anita Gowda,41,Female,Operations,Analyst,55298,7,anita.gowda@company.com,Mumbai
EMP1390,Anita Joshi,36,Female,HR,Executive,130874,10,anita.joshi@company.com,Mumbai
EMP1391,Divya Reddy,26,Female,Procurement,Analyst,52191,13,divya.reddy@company.com,Delhi
EMP1392,Neha Reddy,34,Male,Operations,Analyst,86964,4,neha.reddy@company.com,Delhi
EMP1393,Priya Gowda,33,Female,Marketing,Engineer,63092,18,priya.gowda@company.com,Delhi
EMP1394,Divya Kulkarni,42,Male,HR,Engineer,119407,11,divya.kulkarni@company.com,Hyderabad
EMP1395,Rohan Kulkarni,27,Female,Procurement,Executive,105257,25,rohan.kulkarni@company.com,Pune
EMP1396,Kiran Iyer,28,Female,Sales,Engineer,133949,4,kiran.iyer@company.com,Mumbai
EMP1397,Arjun Patel,47,Female,Finance,Engineer,92513,24,arjun.patel@company.com,Chennai
EMP1398,Priya Reddy,29,Male,HR,Lead,81097,14,priya.reddy@company.com,Delhi
EMP1399,Divya Gowda,30,Male,Marketing,Lead,60279,18,divya.gowda@company.com,Bangalore
EMP1400,Divya Reddy,48,Male,Procurement,Analyst,44404,8,divya.reddy@company.com,Chennai
EMP1401,Priya Iyer,25,Female,Sales,Lead,100022,27,priya.iyer@company.com,Pune
EMP1402,Sneha Gowda,42,Female,Finance,Coordinator,65198,10,sneha.gowda@company.com,Bangalore
EMP1403,Divya Sharma,52,Male,IT,Coordinator,124223,5,divya.sharma@company.com,Delhi
EMP1404,Arjun Patel,42,Female,Finance,Engineer,148198,23,arjun.patel@company.com,Delhi
EMP1405,Neha Patel,46,Male,Finance,Engineer,79997,7,neha.patel@company.com,Pune
EMP1406,Priya Gowda,36,Female,Finance,Lead,108692,12,priya.gowda@company.com,Hyderabad
EMP1407,Arjun Shetty,56,Female,Operations,Analyst,30567,25,arjun.shetty@company.com,Delhi
EMP1408,Priya Iyer,49,Female,Finance,Engineer,91032,3,priya.iyer@company.com,Bangalore
EMP1409,Anita Gowda,35,Male,Marketing,Coordinator,32179,26,anita.gowda@company.com,Hyderabad
EMP1410,Kiran Sharma,25,Male,Sales,Lead,32019,4,kiran.sharma@company.com,Hyderabad
EMP1411,Divya Roy,41,Male,HR,Lead,111455,10,divya.roy@company.com,Pune
EMP1412,Sneha Reddy,55,Male,Procurement,Lead,115239,4,sneha.reddy@company.com,Delhi
EMP1413,Sneha Joshi,33,Female,Procurement,Executive,48704,15,sneha.joshi@company.com,Bangalore
EMP1414,Arjun Iyer,54,Female,Procurement,Manager,48030,29,arjun.iyer@company.com,Hyderabad
EMP1415,Priya Reddy,45,Male,Sales,Manager,99445,10,priya.reddy@company.com,Delhi
EMP1416,Neha Roy,41,Male,Marketing,Lead,103551,21,neha.roy@company.com,Delhi
EMP1417,Priya Gowda,26,Male,Procurement,Manager,33420,22,priya.gowda@company.com,Bangalore
EMP1418,Anita Patel,51,Female,HR,Engineer,89875,16,anita.patel@company.com,Chennai
EMP1419,Divya Joshi,45,Female,Marketing,Manager,77653,15,divya.joshi@company.com,Delhi
EMP1420,Rahul Patel,28,Female,HR,Executive,46740,19,rahul.patel@company.com,Pune
EMP1421,Arjun Nair,57,Female,Finance,Lead,95263,29,arjun.nair@company.com,Pune
EMP1422,Divya Gowda,37,Female,Sales,Lead,135789,20,divya.gowda@company.com,Pune
EMP1423,Kiran Iyer,36,Female,Procurement,Analyst,125864,19,kiran.iyer@company.com,Bangalore
EMP1424,Rohan Roy,44,Female,Sales,Engineer,94559,18,rohan.roy@company.com,Delhi
EMP1425,Rahul Kulkarni,33,Female,Marketing,Executive,49465,26,rahul.kulkarni@company.com,Hyderabad
EMP1426,Kiran Roy,50,Female,HR,Analyst,81432,12,kiran.roy@company.com,Hyderabad
EMP1427,Anita Roy,36,Female,Procurement,Analyst,34131,25,anita.roy@company.com,Hyderabad
EMP1428,Priya Nair,50,Female,Operations,Executive,40652,16,priya.nair@company.com,Chennai
EMP1429,Divya Gowda,42,Female,Operations,Engineer,94973,1,divya.gowda@company.com,Pune
EMP1430,Rohan Joshi,36,Male,Marketing,Executive,117043,16,rohan.joshi@company.com,Bangalore
EMP1431,Vijay Reddy,35,Female,Procurement,Coordinator,77147,2,vijay.reddy@company.com,Chennai
EMP1432,Neha Iyer,37,Female,Operations,Manager,77671,24,neha.iyer@company.com,Chennai
EMP1433,Arjun Roy,36,Female,Sales,Analyst,144217,15,arjun.roy@company.com,Pune
EMP1434,Sneha Shetty,25,Female,Finance,Lead,119342,7,sneha.shetty@company.com,Delhi
EMP1435,Anita Shetty,48,Male,Sales,Analyst,49171,28,anita.shetty@company.com,Pune
EMP1436,Neha Shetty,44,Female,HR,Analyst,116129,1,neha.shetty@company.com,Pune
EMP1437,Sneha Nair,50,Male,Finance,Manager,85692,5,sneha.nair@company.com,Chennai
EMP1438,Divya Nair,30,Female,Marketing,Analyst,88541,10,divya.nair@company.com,Mumbai
EMP1439,Rohan Nair,28,Male,Procurement,Analyst,39470,22,rohan.nair@company.com,Delhi
EMP1440,Kiran Reddy,25,Female,Operations,Manager,145153,21,kiran.reddy@company.com,Bangalore
EMP1441,Neha Reddy,26,Male,HR,Manager,91344,4,neha.reddy@company.com,Bangalore
EMP1442,Vijay Iyer,26,Female,Finance,Analyst,74308,14,vijay.iyer@company.com,Chennai
EMP1443,Sneha Joshi,32,Female,Procurement,Analyst,80639,13,sneha.joshi@company.com,Hyderabad
EMP1444,Divya Roy,49,Female,Marketing,Lead,51326,1,divya.roy@company.com,Delhi
EMP1445,Kiran Gowda,37,Female,Finance,Analyst,34597,16,kiran.gowda@company.com,Delhi
EMP1446,Vijay Sharma,51,Female,Procurement,Engineer,132840,23,vijay.sharma@company.com,Delhi
EMP1447,Rahul Reddy,25,Male,IT,Executive,60788,9,rahul.reddy@company.com,Bangalore
EMP1448,Sneha Kulkarni,23,Female,Operations,Manager,95020,22,sneha.kulkarni@company.com,Pune
EMP1449,Anita Sharma,24,Female,IT,Manager,79477,16,anita.sharma@company.com,Hyderabad
EMP1450,Vijay Joshi,42,Female,HR,Lead,138261,19,vijay.joshi@company.com,Pune
EMP1451,Arjun Nair,27,Female,IT,Manager,132466,15,arjun.nair@company.com,Delhi
EMP1452,Rahul Reddy,39,Female,IT,Manager,63071,26,rahul.reddy@company.com,Bangalore
EMP1453,Divya Iyer,26,Female,Finance,Executive,100603,14,divya.iyer@company.com,Chennai
EMP1454,Vijay Shetty,30,Male,Sales,Analyst,91923,20,vijay.shetty@company.com,Hyderabad
EMP1455,Neha Kulkarni,41,Male,Finance,Analyst,100560,10,neha.kulkarni@company.com,Delhi
EMP1456,Rahul Iyer,49,Male,Finance,Coordinator,103251,21,rahul.iyer@company.com,Hyderabad
EMP1457,Vijay Roy,47,Male,IT,Executive,87492,12,vijay.roy@company.com,Delhi
EMP1458,Rohan Patel,39,Female,Finance,Lead,61770,28,rohan.patel@company.com,Pune
EMP1459,Anita Nair,40,Male,Finance,Lead,106762,1,anita.nair@company.com,Hyderabad
EMP1460,Priya Gowda,24,Male,Marketing,Analyst,65399,21,priya.gowda@company.com,Bangalore
EMP1461,Vijay Gowda,30,Male,Sales,Lead,108948,17,vijay.gowda@company.com,Hyderabad
EMP1462,Priya Joshi,57,Female,Sales,Engineer,143341,9,priya.joshi@company.com,Chennai
EMP1463,Priya Shetty,52,Female,Marketing,Engineer,87439,23,priya.shetty@company.com,Mumbai
EMP1464,Anita Roy,38,Male,Procurement,Engineer,74415,19,anita.roy@company.com,Bangalore
EMP1465,Divya Gowda,44,Male,Operations,Engineer,42569,25,divya.gowda@company.com,Chennai
EMP1466,Priya Joshi,55,Male,Sales,Engineer,32369,18,priya.joshi@company.com,Hyderabad
EMP1467,Priya Joshi,26,Male,HR,Lead,139963,28,priya.joshi@company.com,Hyderabad
EMP1468,Kiran Patel,36,Male,IT,Executive,127557,7,kiran.patel@company.com,Delhi
EMP1469,Anita Patel,24,Male,Sales,Lead,30528,9,anita.patel@company.com,Chennai
EMP1470,Anita Roy,40,Female,Procurement,Executive,138806,22,anita.roy@company.com,Delhi
EMP1471,Arjun Shetty,49,Male,Procurement,Manager,60314,26,arjun.shetty@company.com,Hyderabad
EMP1472,Anita Reddy,24,Male,HR,Coordinator,132979,21,anita.reddy@company.com,Hyderabad
EMP1473,Kiran Nair,25,Male,Procurement,Analyst,48047,12,kiran.nair@company.com,Pune
EMP1474,Anita Nair,45,Male,Finance,Engineer,49748,7,anita.nair@company.com,Bangalore
EMP1475,Anita Iyer,52,Male,IT,Lead,65109,14,anita.iyer@company.com,Mumbai
EMP1476,Arjun Sharma,32,Male,IT,Manager,43919,15,arjun.sharma@company.com,Bangalore
EMP1477,Rohan Joshi,22,Male,IT,Lead,77498,15,rohan.joshi@company.com,Mumbai
EMP1478,Rahul Joshi,30,Female,Procurement,Analyst,85808,6,rahul.joshi@company.com,Pune
EMP1479,Divya Iyer,38,Female,IT,Analyst,110792,21,divya.iyer@company.com,Delhi
EMP1480,Divya Gowda,22,Male,HR,Executive,100441,14,divya.gowda@company.com,Bangalore
EMP1481,Kiran Shetty,24,Male,Sales,Coordinator,143843,2,kiran.shetty@company.com,Delhi
EMP1482,Priya Roy,47,Female,HR,Engineer,143559,8,priya.roy@company.com,Mumbai
EMP1483,Arjun Nair,52,Male,Procurement,Executive,104420,13,arjun.nair@company.com,Hyderabad
EMP1484,Neha Shetty,47,Female,IT,Executive,58906,23,neha.shetty@company.com,Delhi
EMP1485,Arjun Shetty,44,Female,Operations,Executive,137447,6,arjun.shetty@company.com,Chennai
EMP1486,Divya Sharma,51,Male,Operations,Coordinator,101486,5,divya.sharma@company.com,Mumbai
EMP1487,Rohan Kulkarni,31,Female,IT,Manager,96896,5,rohan.kulkarni@company.com,Hyderabad
EMP1488,Kiran Gowda,29,Male,Operations,Lead,133431,25,kiran.gowda@company.com,Bangalore
EMP1489,Neha Iyer,46,Male,Finance,Executive,51946,1,neha.iyer@company.com,Pune
EMP1490,Priya Shetty,43,Female,Finance,Manager,77020,9,priya.shetty@company.com,Mumbai
EMP1491,Priya Iyer,36,Female,Operations,Executive,104266,6,priya.iyer@company.com,Delhi
EMP1492,Sneha Gowda,31,Male,Operations,Executive,52161,20,sneha.gowda@company.com,Pune
EMP1493,Vijay Reddy,41,Male,Marketing,Analyst,57738,26,vijay.reddy@company.com,Chennai
EMP1494,Arjun Patel,44,Female,IT,Coordinator,33925,7,arjun.patel@company.com,Pune
EMP1495,Rahul Reddy,22,Male,Marketing,Lead,38463,9,rahul.reddy@company.com,Pune
EMP1496,Kiran Iyer,23,Female,Procurement,Manager,87153,5,kiran.iyer@company.com,Delhi
EMP1497,Vijay Nair,40,Female,Procurement,Lead,112948,14,vijay.nair@company.com,Mumbai
EMP1498,Rahul Roy,35,Female,IT,Manager,91009,5,rahul.roy@company.com,Hyderabad
EMP1499,Rohan Roy,29,Female,IT,Manager,117938,8,rohan.roy@company.com,Bangalore
EMP1500,Rohan Kulkarni,33,Male,Finance,Lead,129546,7,rohan.kulkarni@company.com,Bangalore
EMP1501,Anita Nair,47,Female,Marketing,Executive,121253,13,anita.nair@company.com,Mumbai
EMP1502,Vijay Gowda,48,Female,Procurement,Lead,71552,13,vijay.gowda@company.com,Pune
EMP1503,Divya Reddy,50,Male,Marketing,Lead,86271,8,divya.reddy@company.com,Delhi
EMP1504,Arjun Roy,36,Male,Finance,Manager,39797,11,arjun.roy@company.com,Hyderabad
EMP1505,Sneha Joshi,22,Male,HR,Coordinator,116130,28,sneha.joshi@company.com,Mumbai
EMP1506,Rohan Shetty,49,Female,Procurement,Executive,101942,26,rohan.shetty@company.com,Delhi
EMP1507,Vijay Nair,24,Female,Operations,Executive,148065,18,vijay.nair@company.com,Hyderabad
EMP1508,Arjun Reddy,39,Female,Finance,Executive,43965,25,arjun.reddy@company.com,Pune
EMP1509,Vijay Patel,55,Female,Sales,Executive,43733,19,vijay.patel@company.com,Hyderabad
EMP1510,Divya Patel,53,Female,Sales,Executive,83223,6,divya.patel@company.com,Chennai
EMP1511,Sneha Nair,50,Female,Marketing,Manager,56926,22,sneha.nair@company.com,Pune
EMP1512,Rahul Joshi,46,Female,Marketing,Engineer,58783,2,rahul.joshi@company.com,Pune
EMP1513,Divya Roy,47,Male,Procurement,Coordinator,113360,28,divya.roy@company.com,Pune
EMP1514,Neha Iyer,29,Male,Sales,Analyst,66394,13,neha.iyer@company.com,Mumbai
EMP1515,Vijay Shetty,40,Female,IT,Coordinator,138378,23,vijay.shetty@company.com,Hyderabad
EMP1516,Rohan Reddy,43,Male,Finance,Analyst,94796,25,rohan.reddy@company.com,Mumbai
EMP1517,Rahul Sharma,50,Female,HR,Executive,58287,28,rahul.sharma@company.com,Hyderabad
EMP1518,Rahul Sharma,54,Female,IT,Analyst,112104,26,rahul.sharma@company.com,Pune
EMP1519,Rohan Iyer,56,Female,Procurement,Lead,60436,11,rohan.iyer@company.com,Delhi
EMP1520,Kiran Patel,24,Female,Procurement,Analyst,116916,1,kiran.patel@company.com,Pune
EMP1521,Arjun Sharma,40,Male,Sales,Lead,120332,24,arjun.sharma@company.com,Delhi
EMP1522,Kiran Gowda,31,Male,Finance,Engineer,103567,2,kiran.gowda@company.com,Chennai
EMP1523,Sneha Iyer,48,Male,Procurement,Coordinator,117483,17,sneha.iyer@company.com,Hyderabad
EMP1524,Priya Iyer,36,Male,Operations,Executive,33188,8,priya.iyer@company.com,Bangalore
EMP1525,Arjun Roy,32,Female,HR,Manager,121205,2,arjun.roy@company.com,Bangalore
EMP1526,Divya Kulkarni,47,Male,HR,Lead,131249,6,divya.kulkarni@company.com,Pune
EMP1527,Divya Patel,45,Female,IT,Executive,127349,22,divya.patel@company.com,Mumbai
EMP1528,Kiran Roy,34,Female,Finance,Manager,36765,5,kiran.roy@company.com,Hyderabad
EMP1529,Rahul Sharma,53,Female,Procurement,Engineer,81626,16,rahul.sharma@company.com,Chennai
EMP1530,Kiran Nair,25,Male,Finance,Engineer,118707,8,kiran.nair@company.com,Mumbai
EMP1531,Priya Joshi,34,Female,Sales,Executive,40807,19,priya.joshi@company.com,Delhi
EMP1532,Rohan Roy,30,Male,Sales,Executive,40204,16,rohan.roy@company.com,Pune
EMP1533,Sneha Roy,55,Male,Procurement,Coordinator,122602,13,sneha.roy@company.com,Delhi
EMP1534,Divya Roy,28,Female,Sales,Executive,87944,26,divya.roy@company.com,Pune
EMP1535,Priya Roy,22,Male,Finance,Manager,72120,20,priya.roy@company.com,Pune
EMP1536,Sneha Kulkarni,33,Female,Operations,Analyst,132903,7,sneha.kulkarni@company.com,Hyderabad
EMP1537,Divya Iyer,42,Female,Operations,Analyst,52658,16,divya.iyer@company.com,Hyderabad
EMP1538,Rahul Patel,32,Female,Procurement,Manager,67081,23,rahul.patel@company.com,Delhi
EMP1539,Anita Sharma,35,Female,Sales,Analyst,64986,16,anita.sharma@company.com,Hyderabad
EMP1540,Vijay Roy,55,Male,Finance,Engineer,109322,29,vijay.roy@company.com,Bangalore
EMP1541,Arjun Reddy,55,Female,IT,Analyst,124819,12,arjun.reddy@company.com,Mumbai
EMP1542,Priya Patel,46,Female,Sales,Engineer,80304,14,priya.patel@company.com,Chennai
EMP1543,Arjun Gowda,25,Female,HR,Analyst,95592,24,arjun.gowda@company.com,Bangalore
EMP1544,Priya Joshi,47,Female,Marketing,Manager,88548,18,priya.joshi@company.com,Chennai
EMP1545,Rohan Nair,37,Male,Procurement,Engineer,140837,27,rohan.nair@company.com,Pune
EMP1546,Vijay Shetty,31,Female,Finance,Engineer,128447,28,vijay.shetty@company.com,Chennai
EMP1547,Arjun Joshi,23,Male,Sales,Executive,69986,18,arjun.joshi@company.com,Delhi
EMP1548,Rahul Sharma,56,Female,Sales,Manager,104095,16,rahul.sharma@company.com,Hyderabad
EMP1549,Sneha Kulkarni,40,Male,Sales,Analyst,121594,20,sneha.kulkarni@company.com,Bangalore
EMP1550,Neha Shetty,27,Female,Procurement,Engineer,118281,16,neha.shetty@company.com,Mumbai
EMP1551,Rahul Nair,40,Female,HR,Lead,96151,13,rahul.nair@company.com,Delhi
EMP1552,Arjun Reddy,29,Female,Finance,Executive,103598,26,arjun.reddy@company.com,Delhi
EMP1553,Sneha Reddy,35,Female,Operations,Analyst,58214,29,sneha.reddy@company.com,Chennai
EMP1554,Kiran Iyer,31,Female,Finance,Lead,139824,9,kiran.iyer@company.com,Pune
EMP1555,Divya Shetty,24,Male,Sales,Manager,68745,26,divya.shetty@company.com,Chennai
EMP1556,Priya Reddy,50,Male,Finance,Engineer,139723,28,priya.reddy@company.com,Pune
EMP1557,Rohan Shetty,36,Female,Marketing,Executive,72548,9,rohan.shetty@company.com,Pune
EMP1558,Divya Gowda,44,Male,Marketing,Analyst,40681,13,divya.gowda@company.com,Mumbai
EMP1559,Divya Sharma,44,Male,IT,Executive,36984,29,divya.sharma@company.com,Pune
EMP1560,Kiran Nair,39,Female,Finance,Manager,57579,4,kiran.nair@company.com,Chennai
EMP1561,Arjun Iyer,40,Female,HR,Coordinator,120810,9,arjun.iyer@company.com,Hyderabad
EMP1562,Anita Iyer,49,Male,Marketing,Lead,133275,15,anita.iyer@company.com,Delhi
EMP1563,Neha Patel,47,Male,IT,Analyst,84933,14,neha.patel@company.com,Hyderabad
EMP1564,Sneha Joshi,31,Female,HR,Engineer,57399,19,sneha.joshi@company.com,Pune
EMP1565,Anita Patel,25,Female,Sales,Analyst,61481,12,anita.patel@company.com,Chennai
EMP1566,Vijay Nair,23,Female,Finance,Executive,30944,21,vijay.nair@company.com,Mumbai
EMP1567,Arjun Kulkarni,24,Male,Operations,Executive,123993,26,arjun.kulkarni@company.com,Bangalore
EMP1568,Rahul Joshi,28,Male,Operations,Analyst,39114,25,rahul.joshi@company.com,Bangalore
EMP1569,Rohan Reddy,37,Female,Operations,Coordinator,69846,6,rohan.reddy@company.com,Mumbai
EMP1570,Arjun Patel,52,Male,Operations,Coordinator,113666,3,arjun.patel@company.com,Pune
EMP1571,Arjun Sharma,31,Male,HR,Executive,107848,26,arjun.sharma@company.com,Pune
EMP1572,Arjun Iyer,40,Male,IT,Executive,62596,25,arjun.iyer@company.com,Pune
EMP1573,Divya Kulkarni,49,Female,HR,Coordinator,134087,22,divya.kulkarni@company.com,Mumbai
EMP1574,Rahul Reddy,38,Female,HR,Analyst,105287,20,rahul.reddy@company.com,Mumbai
EMP1575,Neha Joshi,49,Male,IT,Manager,36907,16,neha.joshi@company.com,Hyderabad
EMP1576,Priya Sharma,40,Female,HR,Coordinator,58114,20,priya.sharma@company.com,Delhi
EMP1577,Divya Iyer,44,Female,HR,Executive,55009,24,divya.iyer@company.com,Chennai
EMP1578,Priya Iyer,41,Male,Operations,Lead,114846,23,priya.iyer@company.com,Pune
EMP1579,Rohan Iyer,34,Male,Marketing,Executive,80241,17,rohan.iyer@company.com,Pune
EMP1580,Rohan Joshi,34,Male,Operations,Lead,65725,16,rohan.joshi@company.com,Bangalore
EMP1581,Vijay Kulkarni,32,Female,HR,Lead,48996,6,vijay.kulkarni@company.com,Chennai
EMP1582,Neha Sharma,36,Female,Finance,Manager,36047,8,neha.sharma@company.com,Chennai
EMP1583,Sneha Kulkarni,38,Female,Operations,Analyst,134553,19,sneha.kulkarni@company.com,Pune
EMP1584,Priya Patel,49,Male,Procurement,Manager,58767,25,priya.patel@company.com,Mumbai
EMP1585,Divya Iyer,40,Male,Finance,Analyst,46347,26,divya.iyer@company.com,Hyderabad
EMP1586,Neha Gowda,25,Female,Operations,Coordinator,132063,2,neha.gowda@company.com,Bangalore
EMP1587,Arjun Reddy,43,Female,Procurement,Executive,54102,14,arjun.reddy@company.com,Pune
EMP1588,Rohan Reddy,43,Female,Marketing,Analyst,34263,22,rohan.reddy@company.com,Bangalore
EMP1589,Neha Nair,55,Male,Marketing,Coordinator,138585,12,neha.nair@company.com,Pune
EMP1590,Divya Kulkarni,54,Female,Marketing,Manager,97438,17,divya.kulkarni@company.com,Chennai
EMP1591,Kiran Gowda,54,Female,Operations,Manager,126359,28,kiran.gowda@company.com,Bangalore
EMP1592,Anita Iyer,33,Male,Procurement,Engineer,60540,27,anita.iyer@company.com,Bangalore
EMP1593,Priya Gowda,23,Female,Sales,Executive,130871,15,priya.gowda@company.com,Mumbai
EMP1594,Priya Roy,49,Male,Operations,Engineer,105726,18,priya.roy@company.com,Delhi
EMP1595,Priya Shetty,31,Male,IT,Engineer,93769,16,priya.shetty@company.com,Pune
EMP1596,Priya Reddy,43,Male,HR,Manager,70843,13,priya.reddy@company.com,Bangalore
EMP1597,Divya Gowda,38,Female,Procurement,Coordinator,57690,21,divya.gowda@company.com,Delhi
EMP1598,Vijay Patel,47,Male,Marketing,Engineer,32994,17,vijay.patel@company.com,Delhi
EMP1599,Rahul Nair,24,Male,Marketing,Lead,133533,8,rahul.nair@company.com,Hyderabad
EMP1600,Rahul Shetty,28,Male,Marketing,Manager,97546,1,rahul.shetty@company.com,Delhi
EMP1601,Rahul Gowda,29,Female,HR,Executive,37377,29,rahul.gowda@company.com,Delhi
EMP1602,Priya Iyer,41,Female,HR,Engineer,108572,25,priya.iyer@company.com,Bangalore
EMP1603,Anita Joshi,33,Female,IT,Manager,56467,26,anita.joshi@company.com,Hyderabad
EMP1604,Neha Roy,56,Female,Operations,Engineer,145518,27,neha.roy@company.com,Bangalore
EMP1605,Rahul Roy,38,Male,Finance,Analyst,30048,3,rahul.roy@company.com,Pune
EMP1606,Kiran Patel,49,Female,Marketing,Analyst,66978,16,kiran.patel@company.com,Pune
EMP1607,Anita Shetty,31,Male,Sales,Coordinator,145866,28,anita.shetty@company.com,Chennai
EMP1608,Neha Gowda,43,Male,Operations,Engineer,77606,2,neha.gowda@company.com,Delhi
EMP1609,Rahul Roy,54,Female,Procurement,Engineer,111574,15,rahul.roy@company.com,Delhi
EMP1610,Neha Gowda,43,Male,HR,Manager,128112,1,neha.gowda@company.com,Pune
EMP1611,Anita Joshi,34,Male,Sales,Coordinator,103414,9,anita.joshi@company.com,Mumbai
EMP1612,Kiran Iyer,48,Female,HR,Lead,123145,16,kiran.iyer@company.com,Delhi
EMP1613,Vijay Iyer,36,Female,Operations,Manager,79222,4,vijay.iyer@company.com,Pune
EMP1614,Priya Joshi,43,Female,Procurement,Analyst,78115,12,priya.joshi@company.com,Bangalore
EMP1615,Arjun Iyer,51,Female,Operations,Executive,119606,1,arjun.iyer@company.com,Hyderabad
EMP1616,Priya Iyer,55,Female,Sales,Coordinator,70647,1,priya.iyer@company.com,Chennai
EMP1617,Divya Patel,55,Female,Procurement,Coordinator,84607,7,divya.patel@company.com,Delhi
EMP1618,Vijay Roy,56,Male,Sales,Executive,87410,18,vijay.roy@company.com,Mumbai
EMP1619,Rohan Reddy,40,Female,Marketing,Coordinator,51996,23,rohan.reddy@company.com,Chennai
EMP1620,Kiran Patel,29,Male,Operations,Coordinator,84921,28,kiran.patel@company.com,Mumbai
EMP1621,Rohan Reddy,54,Female,Finance,Coordinator,113697,23,rohan.reddy@company.com,Delhi
EMP1622,Vijay Sharma,49,Female,Operations,Manager,76022,15,vijay.sharma@company.com,Delhi
EMP1623,Kiran Iyer,46,Male,Finance,Analyst,70148,26,kiran.iyer@company.com,Delhi
EMP1624,Anita Joshi,57,Female,Marketing,Manager,97764,25,anita.joshi@company.com,Delhi
EMP1625,Neha Nair,38,Female,Sales,Executive,121901,13,neha.nair@company.com,Chennai
EMP1626,Arjun Nair,45,Male,HR,Analyst,120724,16,arjun.nair@company.com,Chennai
EMP1627,Rohan Patel,42,Male,Sales,Coordinator,138118,7,rohan.patel@company.com,Hyderabad
EMP1628,Arjun Patel,23,Female,Procurement,Coordinator,38888,16,arjun.patel@company.com,Bangalore
EMP1629,Divya Gowda,52,Male,Marketing,Manager,118666,13,divya.gowda@company.com,Chennai
EMP1630,Neha Kulkarni,54,Male,Finance,Analyst,69159,14,neha.kulkarni@company.com,Hyderabad
EMP1631,Rahul Patel,51,Female,Finance,Analyst,72197,17,rahul.patel@company.com,Bangalore
EMP1632,Rahul Roy,33,Female,HR,Manager,114326,12,rahul.roy@company.com,Delhi
EMP1633,Kiran Roy,33,Male,Finance,Analyst,120360,29,kiran.roy@company.com,Hyderabad
EMP1634,Vijay Roy,45,Male,Procurement,Coordinator,128941,24,vijay.roy@company.com,Pune
EMP1635,Kiran Nair,45,Male,Finance,Engineer,54474,24,kiran.nair@company.com,Chennai
EMP1636,Divya Reddy,32,Female,Operations,Executive,47333,20,divya.reddy@company.com,Hyderabad
EMP1637,Sneha Reddy,34,Male,Procurement,Coordinator,138400,13,sneha.reddy@company.com,Pune
EMP1638,Neha Kulkarni,48,Female,IT,Engineer,66355,24,neha.kulkarni@company.com,Chennai
EMP1639,Kiran Reddy,29,Female,Finance,Manager,129415,20,kiran.reddy@company.com,Pune
EMP1640,Kiran Joshi,31,Male,Marketing,Analyst,103903,15,kiran.joshi@company.com,Chennai
EMP1641,Rohan Sharma,29,Female,Sales,Analyst,96258,24,rohan.sharma@company.com,Pune
EMP1642,Priya Iyer,41,Male,IT,Analyst,61145,21,priya.iyer@company.com,Delhi
EMP1643,Anita Reddy,29,Male,Operations,Coordinator,148530,4,anita.reddy@company.com,Delhi
EMP1644,Neha Kulkarni,30,Male,Marketing,Coordinator,148362,22,neha.kulkarni@company.com,Bangalore
EMP1645,Vijay Shetty,28,Female,Operations,Lead,133170,2,vijay.shetty@company.com,Chennai
EMP1646,Vijay Gowda,35,Male,Procurement,Manager,105675,28,vijay.gowda@company.com,Hyderabad
EMP1647,Neha Iyer,49,Male,HR,Manager,79854,18,neha.iyer@company.com,Bangalore
EMP1648,Sneha Nair,23,Male,Procurement,Engineer,97664,2,sneha.nair@company.com,Pune
EMP1649,Rohan Roy,29,Male,HR,Analyst,137422,25,rohan.roy@company.com,Delhi
EMP1650,Anita Reddy,34,Male,Sales,Manager,116153,15,anita.reddy@company.com,Delhi
EMP1651,Divya Joshi,42,Female,Finance,Coordinator,123616,26,divya.joshi@company.com,Mumbai
EMP1652,Rohan Iyer,49,Male,Operations,Manager,65285,19,rohan.iyer@company.com,Mumbai
EMP1653,Sneha Gowda,56,Male,HR,Engineer,47533,15,sneha.gowda@company.com,Bangalore
EMP1654,Kiran Gowda,44,Female,Sales,Analyst,62624,26,kiran.gowda@company.com,Delhi
EMP1655,Anita Shetty,36,Female,Finance,Analyst,76996,20,anita.shetty@company.com,Pune
EMP1656,Rohan Kulkarni,23,Male,Operations,Coordinator,76947,10,rohan.kulkarni@company.com,Mumbai
EMP1657,Anita Joshi,33,Male,Operations,Engineer,57956,28,anita.joshi@company.com,Hyderabad
EMP1658,Rohan Shetty,57,Male,Finance,Executive,81030,24,rohan.shetty@company.com,Delhi
EMP1659,Arjun Patel,24,Male,Marketing,Lead,88597,20,arjun.patel@company.com,Mumbai
EMP1660,Kiran Patel,26,Male,Procurement,Lead,72443,11,kiran.patel@company.com,Mumbai
EMP1661,Rohan Reddy,24,Female,Operations,Lead,128613,26,rohan.reddy@company.com,Mumbai
EMP1662,Divya Nair,40,Female,Procurement,Analyst,95464,10,divya.nair@company.com,Chennai
EMP1663,Priya Joshi,23,Male,HR,Engineer,33952,29,priya.joshi@company.com,Delhi
EMP1664,Sneha Joshi,38,Male,IT,Coordinator,86880,23,sneha.joshi@company.com,Hyderabad
EMP1665,Priya Sharma,35,Female,Finance,Engineer,82201,5,priya.sharma@company.com,Bangalore
EMP1666,Anita Joshi,49,Female,Procurement,Engineer,142175,9,anita.joshi@company.com,Delhi
EMP1667,Neha Gowda,48,Female,Finance,Executive,72460,20,neha.gowda@company.com,Chennai
EMP1668,Vijay Reddy,31,Male,Finance,Executive,52796,19,vijay.reddy@company.com,Chennai
EMP1669,Divya Gowda,24,Male,Sales,Analyst,61746,13,divya.gowda@company.com,Pune
EMP1670,Vijay Nair,57,Female,Sales,Lead,116785,18,vijay.nair@company.com,Mumbai
EMP1671,Kiran Iyer,46,Female,HR,Coordinator,30015,17,kiran.iyer@company.com,Mumbai
EMP1672,Rohan Sharma,43,Female,Sales,Executive,79757,27,rohan.sharma@company.com,Delhi
EMP1673,Rahul Sharma,51,Male,HR,Coordinator,55957,6,rahul.sharma@company.com,Bangalore
EMP1674,Divya Shetty,42,Female,Operations,Manager,111541,10,divya.shetty@company.com,Mumbai
EMP1675,Kiran Patel,51,Male,Finance,Analyst,51292,2,kiran.patel@company.com,Chennai
EMP1676,Vijay Nair,49,Female,Finance,Executive,61876,24,vijay.nair@company.com,Mumbai
EMP1677,Priya Sharma,52,Female,Operations,Executive,90727,6,priya.sharma@company.com,Bangalore
EMP1678,Arjun Shetty,47,Male,HR,Executive,77046,28,arjun.shetty@company.com,Chennai
EMP1679,Arjun Gowda,43,Female,HR,Manager,44817,28,arjun.gowda@company.com,Mumbai
EMP1680,Anita Sharma,42,Male,Operations,Coordinator,121006,21,anita.sharma@company.com,Mumbai
EMP1681,Rohan Roy,22,Female,Finance,Manager,39759,13,rohan.roy@company.com,Hyderabad
EMP1682,Arjun Shetty,34,Male,Sales,Engineer,78432,18,arjun.shetty@company.com,Chennai
EMP1683,Kiran Reddy,42,Female,IT,Lead,36412,7,kiran.reddy@company.com,Mumbai
EMP1684,Divya Kulkarni,30,Male,IT,Manager,87757,2,divya.kulkarni@company.com,Delhi
EMP1685,Neha Kulkarni,38,Female,Sales,Executive,50504,29,neha.kulkarni@company.com,Chennai
EMP1686,Anita Nair,42,Male,HR,Manager,138500,14,anita.nair@company.com,Bangalore
EMP1687,Priya Nair,52,Male,HR,Engineer,38507,5,priya.nair@company.com,Mumbai
EMP1688,Anita Shetty,43,Female,Marketing,Analyst,51050,18,anita.shetty@company.com,Bangalore
EMP1689,Priya Patel,33,Female,HR,Coordinator,34820,11,priya.patel@company.com,Pune
EMP1690,Rohan Roy,27,Male,Marketing,Analyst,37835,10,rohan.roy@company.com,Pune
EMP1691,Anita Shetty,37,Female,HR,Coordinator,123167,11,anita.shetty@company.com,Hyderabad
EMP1692,Rahul Iyer,47,Male,HR,Manager,130153,27,rahul.iyer@company.com,Pune
EMP1693,Vijay Patel,26,Male,Procurement,Lead,43587,2,vijay.patel@company.com,Hyderabad
EMP1694,Neha Iyer,30,Female,Sales,Manager,130257,15,neha.iyer@company.com,Pune
EMP1695,Kiran Reddy,35,Male,Finance,Engineer,87732,7,kiran.reddy@company.com,Pune
EMP1696,Rahul Roy,51,Female,Sales,Engineer,81921,9,rahul.roy@company.com,Pune
EMP1697,Divya Roy,47,Male,Marketing,Lead,75499,5,divya.roy@company.com,Pune
EMP1698,Divya Nair,50,Female,Operations,Coordinator,147734,7,divya.nair@company.com,Hyderabad
EMP1699,Kiran Reddy,40,Female,Sales,Engineer,36840,20,kiran.reddy@company.com,Pune
EMP1700,Vijay Reddy,29,Male,Procurement,Analyst,133370,2,vijay.reddy@company.com,Delhi
EMP1701,Kiran Reddy,44,Female,HR,Engineer,95077,3,kiran.reddy@company.com,Pune
EMP1702,Sneha Kulkarni,56,Male,IT,Lead,61440,2,sneha.kulkarni@company.com,Hyderabad
EMP1703,Divya Roy,52,Female,Procurement,Coordinator,65183,21,divya.roy@company.com,Pune
EMP1704,Rohan Joshi,56,Female,HR,Analyst,126172,22,rohan.joshi@company.com,Chennai
EMP1705,Neha Gowda,53,Female,Procurement,Lead,32389,23,neha.gowda@company.com,Delhi
EMP1706,Sneha Shetty,26,Male,Sales,Coordinator,85076,19,sneha.shetty@company.com,Bangalore
EMP1707,Kiran Reddy,37,Male,Marketing,Analyst,144515,4,kiran.reddy@company.com,Bangalore
EMP1708,Arjun Roy,38,Male,IT,Analyst,96299,24,arjun.roy@company.com,Delhi
EMP1709,Vijay Shetty,53,Male,Sales,Executive,119461,20,vijay.shetty@company.com,Bangalore
EMP1710,Kiran Kulkarni,53,Male,Sales,Executive,122085,7,kiran.kulkarni@company.com,Pune
EMP1711,Neha Gowda,41,Female,Operations,Engineer,145503,28,neha.gowda@company.com,Bangalore
EMP1712,Anita Patel,23,Male,Procurement,Coordinator,69023,22,anita.patel@company.com,Mumbai
EMP1713,Rohan Nair,41,Female,Operations,Analyst,80029,7,rohan.nair@company.com,Delhi
EMP1714,Sneha Sharma,39,Female,Procurement,Coordinator,69941,17,sneha.sharma@company.com,Chennai
EMP1715,Kiran Patel,22,Male,Procurement,Executive,118993,19,kiran.patel@company.com,Delhi
EMP1716,Arjun Sharma,50,Male,Sales,Coordinator,83950,22,arjun.sharma@company.com,Bangalore
EMP1717,Rahul Kulkarni,50,Female,Sales,Lead,116959,16,rahul.kulkarni@company.com,Chennai
EMP1718,Vijay Roy,40,Male,Sales,Lead,106054,3,vijay.roy@company.com,Hyderabad
EMP1719,Priya Iyer,27,Female,Finance,Lead,95363,15,priya.iyer@company.com,Delhi
EMP1720,Kiran Shetty,29,Female,Sales,Coordinator,138556,14,kiran.shetty@company.com,Delhi
EMP1721,Priya Iyer,45,Male,Finance,Manager,91742,15,priya.iyer@company.com,Chennai
EMP1722,Kiran Reddy,41,Male,IT,Analyst,127896,14,kiran.reddy@company.com,Delhi
EMP1723,Sneha Roy,35,Female,Operations,Engineer,75215,7,sneha.roy@company.com,Chennai
EMP1724,Anita Sharma,26,Female,HR,Coordinator,77857,25,anita.sharma@company.com,Mumbai
EMP1725,Vijay Reddy,55,Female,Finance,Coordinator,85476,3,vijay.reddy@company.com,Pune
EMP1726,Priya Reddy,37,Female,Procurement,Engineer,58173,17,priya.reddy@company.com,Chennai
EMP1727,Neha Joshi,28,Male,Finance,Lead,39395,10,neha.joshi@company.com,Bangalore
EMP1728,Neha Roy,37,Female,Operations,Engineer,89768,15,neha.roy@company.com,Mumbai
EMP1729,Sneha Shetty,28,Female,HR,Executive,140371,29,sneha.shetty@company.com,Delhi
EMP1730,Priya Iyer,48,Female,Procurement,Manager,114743,6,priya.iyer@company.com,Pune
EMP1731,Kiran Kulkarni,35,Male,IT,Executive,133591,28,kiran.kulkarni@company.com,Delhi
EMP1732,Divya Iyer,35,Female,Sales,Manager,147973,17,divya.iyer@company.com,Hyderabad
EMP1733,Arjun Joshi,54,Female,Finance,Manager,76229,17,arjun.joshi@company.com,Pune
EMP1734,Vijay Roy,54,Female,Sales,Lead,56639,14,vijay.roy@company.com,Bangalore
EMP1735,Sneha Roy,41,Male,Operations,Executive,141706,24,sneha.roy@company.com,Bangalore
EMP1736,Priya Gowda,57,Female,Marketing,Coordinator,92583,25,priya.gowda@company.com,Bangalore
EMP1737,Kiran Iyer,28,Female,IT,Engineer,58924,18,kiran.iyer@company.com,Mumbai
EMP1738,Anita Gowda,53,Male,Marketing,Executive,102969,25,anita.gowda@company.com,Bangalore
EMP1739,Neha Nair,24,Male,Sales,Manager,60104,5,neha.nair@company.com,Chennai
EMP1740,Priya Joshi,50,Male,Operations,Analyst,139588,29,priya.joshi@company.com,Delhi
EMP1741,Priya Iyer,45,Male,Finance,Executive,67594,8,priya.iyer@company.com,Delhi
EMP1742,Rohan Patel,43,Male,Operations,Engineer,33664,7,rohan.patel@company.com,Hyderabad
EMP1743,Vijay Nair,27,Male,Finance,Manager,40528,23,vijay.nair@company.com,Bangalore
EMP1744,Sneha Joshi,45,Male,Finance,Engineer,58190,4,sneha.joshi@company.com,Bangalore
EMP1745,Arjun Reddy,44,Male,HR,Lead,96033,18,arjun.reddy@company.com,Hyderabad
EMP1746,Kiran Patel,31,Female,IT,Lead,91161,5,kiran.patel@company.com,Hyderabad
EMP1747,Arjun Iyer,37,Female,Sales,Coordinator,103177,16,arjun.iyer@company.com,Chennai
EMP1748,Rahul Iyer,32,Female,Marketing,Manager,100179,14,rahul.iyer@company.com,Delhi
EMP1749,Priya Sharma,53,Male,Sales,Analyst,100592,27,priya.sharma@company.com,Hyderabad
EMP1750,Neha Iyer,27,Female,Operations,Executive,62899,27,neha.iyer@company.com,Mumbai
EMP1751,Kiran Joshi,45,Male,Marketing,Coordinator,100979,19,kiran.joshi@company.com,Bangalore
EMP1752,Divya Patel,54,Male,IT,Lead,47241,14,divya.patel@company.com,Delhi
EMP1753,Anita Nair,33,Female,IT,Executive,76211,9,anita.nair@company.com,Mumbai
EMP1754,Arjun Sharma,48,Male,IT,Lead,93472,6,arjun.sharma@company.com,Mumbai
EMP1755,Kiran Iyer,39,Male,Finance,Engineer,104248,17,kiran.iyer@company.com,Hyderabad
EMP1756,Sneha Patel,34,Female,IT,Engineer,103757,19,sneha.patel@company.com,Pune
EMP1757,Arjun Joshi,51,Male,HR,Analyst,61346,12,arjun.joshi@company.com,Bangalore
EMP1758,Sneha Roy,34,Female,Operations,Lead,111196,4,sneha.roy@company.com,Pune
EMP1759,Priya Kulkarni,55,Female,IT,Coordinator,134451,16,priya.kulkarni@company.com,Chennai
EMP1760,Divya Shetty,57,Female,Procurement,Manager,107124,25,divya.shetty@company.com,Pune
EMP1761,Neha Gowda,51,Male,Marketing,Executive,132908,11,neha.gowda@company.com,Chennai
EMP1762,Divya Gowda,46,Male,Procurement,Coordinator,72220,22,divya.gowda@company.com,Pune
EMP1763,Rahul Nair,23,Female,Marketing,Coordinator,47942,4,rahul.nair@company.com,Hyderabad
EMP1764,Sneha Iyer,57,Male,Procurement,Manager,79167,17,sneha.iyer@company.com,Hyderabad
EMP1765,Sneha Joshi,39,Female,Sales,Engineer,66373,8,sneha.joshi@company.com,Bangalore
EMP1766,Rahul Iyer,26,Male,Marketing,Manager,141588,14,rahul.iyer@company.com,Hyderabad
EMP1767,Priya Reddy,40,Male,HR,Executive,97143,27,priya.reddy@company.com,Mumbai
EMP1768,Kiran Nair,39,Male,Sales,Lead,140013,2,kiran.nair@company.com,Chennai
EMP1769,Rahul Gowda,53,Male,Marketing,Manager,32016,11,rahul.gowda@company.com,Chennai
EMP1770,Divya Joshi,42,Male,Operations,Lead,99110,11,divya.joshi@company.com,Bangalore
EMP1771,Divya Shetty,31,Female,Operations,Engineer,76309,24,divya.shetty@company.com,Chennai
EMP1772,Kiran Nair,43,Male,Procurement,Executive,37274,22,kiran.nair@company.com,Hyderabad
EMP1773,Priya Iyer,34,Female,Operations,Engineer,138239,24,priya.iyer@company.com,Mumbai
EMP1774,Sneha Nair,38,Male,Marketing,Lead,45748,6,sneha.nair@company.com,Mumbai
EMP1775,Vijay Iyer,30,Female,Sales,Analyst,50175,21,vijay.iyer@company.com,Mumbai
EMP1776,Anita Kulkarni,45,Male,Operations,Executive,134710,21,anita.kulkarni@company.com,Pune
EMP1777,Arjun Joshi,35,Female,Operations,Lead,41826,14,arjun.joshi@company.com,Mumbai
EMP1778,Neha Sharma,29,Female,Procurement,Engineer,113008,10,neha.sharma@company.com,Delhi
EMP1779,Sneha Joshi,40,Female,HR,Manager,64129,26,sneha.joshi@company.com,Chennai
EMP1780,Rohan Shetty,49,Male,Procurement,Engineer,100009,27,rohan.shetty@company.com,Pune
EMP1781,Kiran Joshi,51,Female,Procurement,Analyst,149982,8,kiran.joshi@company.com,Mumbai
EMP1782,Vijay Joshi,28,Female,Marketing,Lead,53490,7,vijay.joshi@company.com,Chennai
EMP1783,Divya Patel,47,Female,IT,Engineer,135623,8,divya.patel@company.com,Delhi
EMP1784,Neha Nair,32,Male,HR,Analyst,71435,28,neha.nair@company.com,Pune
EMP1785,Sneha Patel,35,Male,Operations,Coordinator,105017,8,sneha.patel@company.com,Pune
EMP1786,Priya Shetty,42,Female,Sales,Executive,38520,23,priya.shetty@company.com,Bangalore
EMP1787,Rohan Roy,29,Female,Finance,Lead,121951,2,rohan.roy@company.com,Chennai
EMP1788,Rohan Nair,24,Male,Operations,Coordinator,113106,27,rohan.nair@company.com,Pune
EMP1789,Priya Nair,49,Female,Sales,Coordinator,91877,16,priya.nair@company.com,Mumbai
EMP1790,Rahul Gowda,50,Female,Sales,Analyst,49798,9,rahul.gowda@company.com,Delhi
EMP1791,Neha Gowda,44,Male,HR,Manager,84638,13,neha.gowda@company.com,Chennai
EMP1792,Rahul Sharma,39,Female,HR,Coordinator,99072,23,rahul.sharma@company.com,Chennai
EMP1793,Rahul Gowda,56,Female,Operations,Lead,97309,12,rahul.gowda@company.com,Pune
EMP1794,Neha Reddy,34,Male,Marketing,Executive,59894,27,neha.reddy@company.com,Mumbai
EMP1795,Kiran Iyer,33,Male,HR,Coordinator,92963,22,kiran.iyer@company.com,Chennai
EMP1796,Kiran Kulkarni,26,Male,Procurement,Engineer,138559,25,kiran.kulkarni@company.com,Bangalore
EMP1797,Priya Roy,32,Female,IT,Engineer,84567,29,priya.roy@company.com,Chennai
EMP1798,Vijay Kulkarni,32,Female,IT,Engineer,65326,17,vijay.kulkarni@company.com,Pune
EMP1799,Arjun Kulkarni,52,Female,IT,Coordinator,85059,27,arjun.kulkarni@company.com,Hyderabad
EMP1800,Priya Sharma,52,Male,Marketing,Coordinator,35079,2,priya.sharma@company.com,Delhi
EMP1801,Sneha Gowda,34,Male,Finance,Analyst,55838,13,sneha.gowda@company.com,Chennai
EMP1802,Divya Nair,35,Female,HR,Coordinator,117340,1,divya.nair@company.com,Mumbai
EMP1803,Anita Roy,46,Female,Procurement,Engineer,77109,26,anita.roy@company.com,Pune
EMP1804,Sneha Roy,54,Female,Procurement,Lead,115211,28,sneha.roy@company.com,Bangalore
EMP1805,Neha Patel,54,Male,Finance,Coordinator,55594,19,neha.patel@company.com,Chennai
EMP1806,Divya Kulkarni,36,Male,Procurement,Executive,72749,11,divya.kulkarni@company.com,Bangalore
EMP1807,Anita Gowda,37,Male,IT,Engineer,66292,5,anita.gowda@company.com,Hyderabad
EMP1808,Sneha Patel,27,Male,HR,Lead,148192,1,sneha.patel@company.com,Chennai
EMP1809,Kiran Shetty,46,Female,Operations,Executive,104534,20,kiran.shetty@company.com,Bangalore
EMP1810,Rahul Iyer,36,Female,Operations,Coordinator,109233,13,rahul.iyer@company.com,Pune
EMP1811,Rohan Reddy,25,Female,Finance,Analyst,81818,8,rohan.reddy@company.com,Bangalore
EMP1812,Neha Sharma,25,Female,Marketing,Lead,141910,6,neha.sharma@company.com,Mumbai
EMP1813,Priya Roy,51,Female,Sales,Lead,43429,29,priya.roy@company.com,Hyderabad
EMP1814,Sneha Joshi,55,Female,Marketing,Executive,87748,17,sneha.joshi@company.com,Bangalore
EMP1815,Arjun Gowda,48,Female,Sales,Engineer,78807,12,arjun.gowda@company.com,Pune
EMP1816,Kiran Patel,52,Male,Operations,Executive,37140,1,kiran.patel@company.com,Delhi
EMP1817,Rahul Shetty,53,Female,Operations,Lead,93226,3,rahul.shetty@company.com,Delhi
EMP1818,Anita Gowda,30,Male,Finance,Executive,137089,14,anita.gowda@company.com,Pune
EMP1819,Arjun Joshi,29,Female,Finance,Engineer,44901,26,arjun.joshi@company.com,Hyderabad
EMP1820,Priya Reddy,35,Female,Marketing,Engineer,118815,8,priya.reddy@company.com,Hyderabad
EMP1821,Neha Roy,54,Male,Sales,Coordinator,58525,11,neha.roy@company.com,Chennai
EMP1822,Rohan Shetty,44,Female,Operations,Analyst,50491,27,rohan.shetty@company.com,Pune
EMP1823,Priya Patel,42,Female,Operations,Engineer,98816,14,priya.patel@company.com,Delhi
EMP1824,Neha Joshi,33,Male,Procurement,Analyst,64980,8,neha.joshi@company.com,Pune
EMP1825,Rahul Kulkarni,23,Male,Procurement,Analyst,143517,29,rahul.kulkarni@company.com,Bangalore
EMP1826,Priya Gowda,34,Male,Sales,Lead,125525,3,priya.gowda@company.com,Chennai
EMP1827,Neha Nair,25,Female,Sales,Analyst,38078,7,neha.nair@company.com,Bangalore
EMP1828,Priya Sharma,41,Male,Procurement,Engineer,121654,28,priya.sharma@company.com,Hyderabad
EMP1829,Arjun Patel,35,Male,HR,Executive,119521,19,arjun.patel@company.com,Bangalore
EMP1830,Rohan Patel,51,Male,Operations,Executive,78704,4,rohan.patel@company.com,Hyderabad
EMP1831,Kiran Iyer,50,Male,Operations,Manager,46997,25,kiran.iyer@company.com,Bangalore
EMP1832,Divya Reddy,29,Male,Procurement,Lead,109810,16,divya.reddy@company.com,Mumbai
EMP1833,Rahul Reddy,33,Female,Operations,Analyst,30868,13,rahul.reddy@company.com,Delhi
EMP1834,Arjun Kulkarni,47,Female,HR,Analyst,145499,20,arjun.kulkarni@company.com,Chennai
EMP1835,Arjun Kulkarni,23,Female,Finance,Analyst,56398,19,arjun.kulkarni@company.com,Chennai
EMP1836,Arjun Joshi,35,Female,IT,Coordinator,111578,5,arjun.joshi@company.com,Bangalore
EMP1837,Sneha Reddy,27,Male,Sales,Coordinator,127356,23,sneha.reddy@company.com,Delhi
EMP1838,Vijay Shetty,52,Female,IT,Engineer,143711,5,vijay.shetty@company.com,Hyderabad
EMP1839,Arjun Gowda,38,Male,Marketing,Manager,51246,20,arjun.gowda@company.com,Chennai
EMP1840,Divya Reddy,46,Male,Marketing,Coordinator,50561,24,divya.reddy@company.com,Chennai
EMP1841,Kiran Joshi,53,Male,Operations,Analyst,46254,4,kiran.joshi@company.com,Delhi
EMP1842,Divya Roy,33,Female,Finance,Lead,64512,2,divya.roy@company.com,Mumbai
EMP1843,Neha Iyer,34,Male,Sales,Manager,130560,26,neha.iyer@company.com,Bangalore
EMP1844,Rahul Shetty,40,Male,IT,Engineer,119532,13,rahul.shetty@company.com,Chennai
EMP1845,Rohan Gowda,46,Female,Finance,Lead,124154,16,rohan.gowda@company.com,Delhi
EMP1846,Anita Sharma,52,Female,Marketing,Analyst,107395,22,anita.sharma@company.com,Bangalore
EMP1847,Anita Joshi,46,Female,Finance,Executive,87865,2,anita.joshi@company.com,Chennai
EMP1848,Neha Kulkarni,37,Female,IT,Analyst,53580,19,neha.kulkarni@company.com,Pune
EMP1849,Rahul Roy,44,Male,Procurement,Manager,100959,17,rahul.roy@company.com,Pune
EMP1850,Divya Shetty,35,Male,HR,Engineer,133393,5,divya.shetty@company.com,Hyderabad
EMP1851,Kiran Nair,27,Male,Operations,Executive,102144,25,kiran.nair@company.com,Mumbai
EMP1852,Vijay Shetty,46,Male,Finance,Engineer,72485,18,vijay.shetty@company.com,Bangalore
EMP1853,Anita Iyer,44,Male,Marketing,Analyst,80621,28,anita.iyer@company.com,Delhi
EMP1854,Arjun Patel,33,Female,Operations,Coordinator,147363,23,arjun.patel@company.com,Chennai
EMP1855,Anita Reddy,34,Male,Operations,Analyst,80665,21,anita.reddy@company.com,Delhi
EMP1856,Sneha Roy,57,Female,Marketing,Coordinator,100412,18,sneha.roy@company.com,Hyderabad
EMP1857,Vijay Nair,55,Female,Procurement,Manager,80603,8,vijay.nair@company.com,Mumbai
EMP1858,Priya Reddy,27,Female,Operations,Coordinator,51038,27,priya.reddy@company.com,Hyderabad
EMP1859,Neha Sharma,29,Male,HR,Executive,123542,15,neha.sharma@company.com,Bangalore
EMP1860,Sneha Reddy,29,Male,Finance,Analyst,131311,13,sneha.reddy@company.com,Mumbai
EMP1861,Sneha Shetty,54,Female,IT,Manager,126346,13,sneha.shetty@company.com,Mumbai
EMP1862,Vijay Shetty,55,Male,Marketing,Analyst,44325,16,vijay.shetty@company.com,Hyderabad
EMP1863,Priya Sharma,36,Female,Operations,Engineer,65892,22,priya.sharma@company.com,Pune
EMP1864,Divya Sharma,57,Male,HR,Lead,31753,20,divya.sharma@company.com,Bangalore
EMP1865,Vijay Sharma,56,Female,Procurement,Analyst,125067,13,vijay.sharma@company.com,Pune
EMP1866,Neha Reddy,43,Female,Operations,Executive,47996,20,neha.reddy@company.com,Delhi
EMP1867,Kiran Nair,44,Female,IT,Executive,98811,2,kiran.nair@company.com,Mumbai
EMP1868,Sneha Gowda,43,Male,Operations,Executive,104283,3,sneha.gowda@company.com,Delhi
EMP1869,Rohan Reddy,26,Male,Finance,Engineer,75211,15,rohan.reddy@company.com,Hyderabad
EMP1870,Kiran Joshi,52,Female,Procurement,Analyst,146737,23,kiran.joshi@company.com,Hyderabad
EMP1871,Sneha Reddy,34,Female,IT,Lead,92820,19,sneha.reddy@company.com,Hyderabad
EMP1872,Rahul Roy,49,Male,HR,Engineer,30824,13,rahul.roy@company.com,Mumbai
EMP1873,Kiran Shetty,41,Male,Procurement,Manager,43880,5,kiran.shetty@company.com,Delhi
EMP1874,Rahul Kulkarni,54,Female,Sales,Analyst,139345,26,rahul.kulkarni@company.com,Chennai
EMP1875,Neha Patel,37,Male,IT,Manager,147718,22,neha.patel@company.com,Delhi
EMP1876,Kiran Reddy,50,Female,IT,Executive,96617,6,kiran.reddy@company.com,Delhi
EMP1877,Rohan Kulkarni,44,Male,HR,Coordinator,41517,14,rohan.kulkarni@company.com,Chennai
EMP1878,Rohan Iyer,45,Male,IT,Lead,51683,4,rohan.iyer@company.com,Chennai
EMP1879,Priya Reddy,55,Male,IT,Executive,46876,22,priya.reddy@company.com,Hyderabad
EMP1880,Vijay Iyer,28,Male,Procurement,Analyst,133068,19,vijay.iyer@company.com,Delhi
EMP1881,Priya Joshi,25,Female,IT,Lead,86354,23,priya.joshi@company.com,Delhi
EMP1882,Arjun Joshi,55,Male,Procurement,Lead,103802,7,arjun.joshi@company.com,Bangalore
EMP1883,Sneha Shetty,43,Male,Finance,Manager,106719,4,sneha.shetty@company.com,Delhi
EMP1884,Arjun Iyer,26,Female,Procurement,Manager,148048,2,arjun.iyer@company.com,Bangalore
EMP1885,Rahul Sharma,44,Male,HR,Coordinator,116602,27,rahul.sharma@company.com,Hyderabad
EMP1886,Rohan Nair,36,Male,Marketing,Coordinator,145016,7,rohan.nair@company.com,Hyderabad
EMP1887,Kiran Reddy,52,Male,Sales,Lead,108413,3,kiran.reddy@company.com,Pune
EMP1888,Rohan Gowda,30,Male,Marketing,Engineer,39982,15,rohan.gowda@company.com,Mumbai
EMP1889,Anita Gowda,46,Female,IT,Executive,104504,1,anita.gowda@company.com,Pune
EMP1890,Kiran Kulkarni,46,Male,Sales,Engineer,56598,2,kiran.kulkarni@company.com,Bangalore
EMP1891,Sneha Roy,42,Female,IT,Manager,44639,10,sneha.roy@company.com,Mumbai
EMP1892,Anita Shetty,30,Male,Marketing,Analyst,100210,16,anita.shetty@company.com,Hyderabad
EMP1893,Sneha Kulkarni,43,Female,Procurement,Analyst,99852,25,sneha.kulkarni@company.com,Bangalore
EMP1894,Neha Kulkarni,44,Female,IT,Analyst,143618,28,neha.kulkarni@company.com,Hyderabad
EMP1895,Rohan Kulkarni,25,Female,Marketing,Analyst,39695,15,rohan.kulkarni@company.com,Pune
EMP1896,Neha Patel,50,Female,Procurement,Engineer,78582,24,neha.patel@company.com,Mumbai
EMP1897,Divya Sharma,36,Male,Finance,Analyst,61094,15,divya.sharma@company.com,Mumbai
EMP1898,Sneha Sharma,22,Female,Sales,Manager,90635,14,sneha.sharma@company.com,Delhi
EMP1899,Vijay Reddy,51,Female,Marketing,Coordinator,52187,22,vijay.reddy@company.com,Pune
EMP1900,Neha Patel,50,Female,Sales,Lead,148013,14,neha.patel@company.com,Pune
EMP1901,Anita Iyer,41,Female,Finance,Manager,136683,6,anita.iyer@company.com,Pune
EMP1902,Neha Joshi,54,Male,Finance,Lead,31214,14,neha.joshi@company.com,Bangalore
EMP1903,Vijay Shetty,57,Female,Procurement,Engineer,53940,17,vijay.shetty@company.com,Pune
EMP1904,Priya Iyer,43,Female,Sales,Coordinator,74406,18,priya.iyer@company.com,Pune
EMP1905,Rahul Sharma,34,Male,IT,Analyst,121221,20,rahul.sharma@company.com,Hyderabad
EMP1906,Sneha Joshi,28,Female,Procurement,Manager,73481,19,sneha.joshi@company.com,Hyderabad
EMP1907,Anita Iyer,29,Male,Marketing,Analyst,45977,17,anita.iyer@company.com,Pune
EMP1908,Vijay Gowda,49,Female,Procurement,Engineer,74839,16,vijay.gowda@company.com,Delhi
EMP1909,Divya Nair,30,Male,Marketing,Engineer,87874,8,divya.nair@company.com,Delhi
EMP1910,Arjun Shetty,46,Female,Marketing,Lead,88414,7,arjun.shetty@company.com,Delhi
EMP1911,Vijay Reddy,37,Female,Sales,Coordinator,131440,20,vijay.reddy@company.com,Chennai
EMP1912,Rohan Iyer,31,Male,HR,Analyst,55538,28,rohan.iyer@company.com,Hyderabad
EMP1913,Priya Reddy,32,Female,Marketing,Manager,134922,12,priya.reddy@company.com,Delhi
EMP1914,Neha Iyer,52,Female,Procurement,Engineer,133569,9,neha.iyer@company.com,Pune
EMP1915,Rahul Reddy,33,Female,Marketing,Executive,86241,27,rahul.reddy@company.com,Mumbai
EMP1916,Anita Roy,52,Female,Marketing,Analyst,103501,14,anita.roy@company.com,Bangalore
EMP1917,Anita Kulkarni,35,Male,Procurement,Lead,105133,20,anita.kulkarni@company.com,Mumbai
EMP1918,Priya Sharma,53,Female,IT,Manager,90481,1,priya.sharma@company.com,Chennai
EMP1919,Sneha Iyer,38,Female,Sales,Coordinator,137012,10,sneha.iyer@company.com,Hyderabad
EMP1920,Neha Patel,56,Female,Procurement,Lead,57740,17,neha.patel@company.com,Chennai
EMP1921,Kiran Patel,22,Male,Procurement,Analyst,93328,17,kiran.patel@company.com,Mumbai
EMP1922,Vijay Joshi,50,Female,Procurement,Coordinator,102105,17,vijay.joshi@company.com,Bangalore
EMP1923,Priya Joshi,25,Female,Sales,Executive,80643,4,priya.joshi@company.com,Pune
EMP1924,Kiran Nair,44,Male,Sales,Engineer,133517,17,kiran.nair@company.com,Delhi
EMP1925,Divya Joshi,49,Female,HR,Coordinator,41881,18,divya.joshi@company.com,Pune
EMP1926,Kiran Joshi,37,Male,HR,Coordinator,66996,20,kiran.joshi@company.com,Delhi
EMP1927,Neha Roy,33,Male,Procurement,Engineer,62177,23,neha.roy@company.com,Pune
EMP1928,Anita Kulkarni,42,Male,Procurement,Manager,67177,2,anita.kulkarni@company.com,Mumbai
EMP1929,Neha Shetty,38,Male,Sales,Coordinator,96126,8,neha.shetty@company.com,Mumbai
EMP1930,Rohan Joshi,34,Male,Operations,Coordinator,86531,13,rohan.joshi@company.com,Mumbai
EMP1931,Kiran Shetty,53,Female,Marketing,Manager,56119,23,kiran.shetty@company.com,Hyderabad
EMP1932,Rahul Iyer,36,Male,HR,Manager,147744,25,rahul.iyer@company.com,Hyderabad
EMP1933,Sneha Gowda,33,Male,IT,Coordinator,146894,22,sneha.gowda@company.com,Chennai
EMP1934,Anita Gowda,36,Male,Finance,Lead,57915,20,anita.gowda@company.com,Pune
EMP1935,Priya Patel,55,Male,Procurement,Analyst,32708,22,priya.patel@company.com,Pune
EMP1936,Rohan Iyer,27,Male,Sales,Analyst,68749,15,rohan.iyer@company.com,Pune
EMP1937,Anita Sharma,38,Male,Procurement,Executive,74989,20,anita.sharma@company.com,Mumbai
EMP1938,Rohan Patel,41,Female,Sales,Coordinator,52106,23,rohan.patel@company.com,Bangalore
EMP1939,Neha Joshi,30,Male,IT,Executive,47131,9,neha.joshi@company.com,Bangalore
EMP1940,Sneha Roy,26,Male,Sales,Manager,76553,3,sneha.roy@company.com,Mumbai
EMP1941,Anita Roy,44,Female,Sales,Analyst,88144,3,anita.roy@company.com,Delhi
EMP1942,Rahul Nair,54,Female,Marketing,Executive,36553,2,rahul.nair@company.com,Mumbai
EMP1943,Rohan Nair,35,Female,Sales,Lead,47881,1,rohan.nair@company.com,Delhi
EMP1944,Divya Sharma,38,Male,HR,Coordinator,31379,14,divya.sharma@company.com,Bangalore
EMP1945,Rahul Patel,40,Male,Finance,Executive,120791,17,rahul.patel@company.com,Mumbai
EMP1946,Sneha Gowda,54,Male,Operations,Manager,135664,13,sneha.gowda@company.com,Chennai
EMP1947,Priya Gowda,22,Male,Sales,Manager,99306,19,priya.gowda@company.com,Pune
EMP1948,Anita Iyer,34,Male,Operations,Engineer,49726,23,anita.iyer@company.com,Mumbai
EMP1949,Anita Kulkarni,48,Male,IT,Manager,142753,15,anita.kulkarni@company.com,Hyderabad
EMP1950,Kiran Gowda,27,Male,Sales,Engineer,39088,27,kiran.gowda@company.com,Pune
EMP1951,Divya Iyer,27,Female,Finance,Coordinator,64314,25,divya.iyer@company.com,Hyderabad
EMP1952,Priya Sharma,54,Female,Procurement,Analyst,147814,14,priya.sharma@company.com,Pune
EMP1953,Neha Joshi,51,Female,IT,Engineer,85041,2,neha.joshi@company.com,Bangalore
EMP1954,Arjun Reddy,56,Male,Operations,Engineer,134512,7,arjun.reddy@company.com,Chennai
EMP1955,Priya Gowda,44,Male,Operations,Lead,46350,17,priya.gowda@company.com,Delhi
EMP1956,Kiran Shetty,31,Male,Finance,Lead,137179,18,kiran.shetty@company.com,Hyderabad
EMP1957,Kiran Iyer,40,Female,Procurement,Manager,129599,6,kiran.iyer@company.com,Hyderabad
EMP1958,Priya Iyer,49,Female,HR,Coordinator,111397,27,priya.iyer@company.com,Hyderabad
EMP1959,Neha Patel,44,Male,Procurement,Analyst,109509,21,neha.patel@company.com,Chennai
EMP1960,Sneha Iyer,25,Male,Operations,Lead,47769,8,sneha.iyer@company.com,Bangalore
EMP1961,Rohan Iyer,41,Female,Sales,Engineer,77249,28,rohan.iyer@company.com,Pune
EMP1962,Sneha Roy,40,Male,Procurement,Manager,112862,27,sneha.roy@company.com,Chennai
EMP1963,Divya Roy,48,Male,IT,Coordinator,131584,2,divya.roy@company.com,Delhi
EMP1964,Priya Joshi,55,Female,Marketing,Analyst,76365,1,priya.joshi@company.com,Bangalore
EMP1965,Rohan Shetty,25,Female,Marketing,Lead,80185,16,rohan.shetty@company.com,Delhi
EMP1966,Priya Gowda,28,Female,Marketing,Analyst,32786,7,priya.gowda@company.com,Bangalore
EMP1967,Kiran Sharma,28,Male,Sales,Analyst,130537,22,kiran.sharma@company.com,Hyderabad
EMP1968,Vijay Reddy,47,Female,Marketing,Coordinator,31620,24,vijay.reddy@company.com,Delhi
EMP1969,Arjun Patel,47,Female,Sales,Engineer,66303,11,arjun.patel@company.com,Mumbai
EMP1970,Neha Sharma,40,Male,IT,Coordinator,49589,15,neha.sharma@company.com,Delhi
EMP1971,Anita Joshi,30,Female,HR,Analyst,32882,13,anita.joshi@company.com,Delhi
EMP1972,Sneha Patel,41,Female,HR,Executive,92248,24,sneha.patel@company.com,Chennai
EMP1973,Kiran Gowda,37,Male,Finance,Lead,79322,2,kiran.gowda@company.com,Delhi
EMP1974,Arjun Reddy,38,Male,Finance,Lead,54524,14,arjun.reddy@company.com,Chennai
EMP1975,Arjun Sharma,43,Male,Operations,Analyst,39745,24,arjun.sharma@company.com,Mumbai
EMP1976,Neha Shetty,34,Female,Sales,Engineer,132201,6,neha.shetty@company.com,Chennai
EMP1977,Vijay Roy,33,Female,Sales,Executive,45861,9,vijay.roy@company.com,Hyderabad
EMP1978,Vijay Roy,31,Female,Finance,Coordinator,121707,28,vijay.roy@company.com,Bangalore
EMP1979,Arjun Iyer,22,Male,Operations,Lead,121735,7,arjun.iyer@company.com,Delhi
EMP1980,Arjun Joshi,53,Male,HR,Manager,148810,18,arjun.joshi@company.com,Bangalore
EMP1981,Vijay Iyer,51,Female,Procurement,Coordinator,84261,24,vijay.iyer@company.com,Pune
EMP1982,Vijay Patel,29,Male,Procurement,Executive,32837,9,vijay.patel@company.com,Mumbai
EMP1983,Vijay Shetty,42,Male,Marketing,Coordinator,104135,23,vijay.shetty@company.com,Chennai
EMP1984,Rohan Shetty,43,Male,Procurement,Analyst,111447,4,rohan.shetty@company.com,Chennai
EMP1985,Priya Nair,39,Male,HR,Executive,84380,9,priya.nair@company.com,Pune
EMP1986,Rahul Iyer,23,Female,Sales,Executive,116089,4,rahul.iyer@company.com,Delhi
EMP1987,Vijay Gowda,30,Female,Operations,Executive,135025,12,vijay.gowda@company.com,Bangalore
EMP1988,Sneha Iyer,24,Male,IT,Executive,79831,4,sneha.iyer@company.com,Delhi
EMP1989,Rahul Roy,47,Male,IT,Lead,119349,25,rahul.roy@company.com,Pune
EMP1990,Kiran Gowda,42,Male,IT,Analyst,68255,24,kiran.gowda@company.com,Delhi
EMP1991,Rohan Nair,51,Female,Sales,Coordinator,143425,20,rohan.nair@company.com,Pune
EMP1992,Neha Nair,49,Male,Procurement,Coordinator,59520,14,neha.nair@company.com,Chennai
EMP1993,Vijay Kulkarni,57,Male,HR,Lead,59541,24,vijay.kulkarni@company.com,Delhi
EMP1994,Vijay Iyer,47,Male,Marketing,Lead,95772,24,vijay.iyer@company.com,Delhi
EMP1995,Kiran Roy,55,Female,Sales,Lead,57350,7,kiran.roy@company.com,Hyderabad
EMP1996,Rohan Iyer,29,Male,Sales,Manager,74397,26,rohan.iyer@company.com,Bangalore
EMP1997,Neha Sharma,31,Female,Sales,Coordinator,107085,13,neha.sharma@company.com,Chennai
EMP1998,Neha Patel,35,Female,IT,Lead,93865,22,neha.patel@company.com,Chennai
EMP1999,Divya Sharma,36,Male,Procurement,Engineer,85956,8,divya.sharma@company.com,Chennai
